2026-07-21 21:57:53,171 - services.location_service - INFO - OpenStreetMap Reverse Geocoding: 37.527, 126.927 -> 여의도동
2026-07-21 22:05:54,563 - services.location_service - INFO - OpenStreetMap Reverse Geocoding: 37.527, 126.927 -> 여의도동
2026-07-21 22:12:25,180 - main - INFO - 글로벌(위치 무관) 데이터 스크래핑을 시작합니다...
2026-07-21 22:12:28,885 - services.location_service - INFO - 📍 IP-based Location: 37.3654, 127.122
2026-07-21 22:12:35,008 - services.location_service - INFO - 📍 IP-based Location: 37.3654, 127.122
2026-07-21 22:12:46,180 - services.location_service - INFO - 📍 IP-based Location: 37.3654, 127.122
2026-07-21 22:12:46,983 - services.location_service - INFO - 📍 IP-based Location: 37.3654, 127.122
2026-07-21 22:12:46,986 - app - INFO - 📍 Device Real Location Initialized: 37.360582, 126.920439
2026-07-21 22:12:47,787 - services.location_service - INFO - 📍 IP-based Location: 37.3654, 127.122
2026-07-21 22:18:08,420 - services.location_service - INFO - OpenStreetMap Reverse Geocoding: 37.527, 126.927 -> 여의도동
2026-07-21 22:18:27,861 - services.location_service - INFO - 📍 IP-based Location: 37.3654, 127.122
2026-07-21 22:18:28,793 - services.location_service - INFO - 📍 IP-based Location: 37.3654, 127.122
2026-07-21 22:18:28,795 - app - INFO - 📍 Device Real Location Initialized: 37.360659, 126.92026
2026-07-21 22:18:29,348 - services.location_service - INFO - 📍 IP-based Location: 37.3654, 127.122
2026-07-21 22:18:31,478 - services.location_service - INFO - 📍 IP-based Location: 37.3654, 127.122
2026-07-21 22:18:31,502 - app - INFO - 📍 Returning to My Device Location: (37.360633, 126.920278)
2026-07-21 22:18:33,034 - services.location_service - INFO - 📍 IP-based Location: 37.3654, 127.122
2026-07-21 22:18:35,774 - services.location_service - INFO - 📍 IP-based Location: 37.3654, 127.122
2026-07-21 22:18:35,799 - main - INFO - 로컬(위치 기반) 데이터 역매핑을 시작합니다 (좌표: 37.36063, 126.92028, 반경: 3.0km)...
2026-07-21 22:18:36,390 - services.location_service - INFO - OpenStreetMap Reverse Geocoding: 37.361, 126.92 -> 산본2동
2026-07-21 22:18:38,503 - services.location_service - INFO - 📍 IP-based Location: 37.3654, 127.122
2026-07-21 22:20:03,099 - services.location_service - INFO - 📍 IP-based Location: 37.3654, 127.122
2026-07-21 22:20:09,433 - services.location_service - INFO - 📍 IP-based Location: 37.3654, 127.122
2026-07-21 22:20:15,651 - services.location_service - INFO - 📍 IP-based Location: 37.3654, 127.122
2026-07-21 22:20:15,946 - app - INFO - 📍 Returning to My Device Location: (37.360633, 126.920278)
2026-07-21 22:20:17,938 - services.location_service - INFO - 📍 IP-based Location: 37.3654, 127.122
2026-07-21 22:20:21,356 - services.location_service - INFO - 📍 IP-based Location: 37.3654, 127.122
2026-07-21 22:20:24,084 - services.location_service - INFO - 📍 IP-based Location: 37.3654, 127.122
2026-07-21 22:20:24,110 - main - INFO - 로컬(위치 기반) 데이터 역매핑을 시작합니다 (좌표: 37.36063, 126.92028, 반경: 0.5km)...
2026-07-21 22:20:24,527 - services.location_service - INFO - OpenStreetMap Reverse Geocoding: 37.361, 126.92 -> 산본2동
2026-07-21 22:20:27,302 - services.location_service - INFO - 📍 IP-based Location: 37.3654, 127.122
2026-07-21 22:20:53,196 - services.location_service - ERROR - Failed to reverse geocode: OpenStreetMap Network Timeout Error
Traceback (most recent call last):
  File "/Users/steady/.openclaw/workspace/info_waves/services/location_service.py", line 31, in _cached_get_neighborhood
    resp = _session.get(url, headers=headers, params=params, timeout=5)
  File "/Library/Frameworks/Python.framework/Versions/3.10/lib/python3.10/unittest/mock.py", line 1104, in __call__
    return self._mock_call(*args, **kwargs)
  File "/Library/Frameworks/Python.framework/Versions/3.10/lib/python3.10/unittest/mock.py", line 1108, in _mock_call
    return self._execute_mock_call(*args, **kwargs)
  File "/Library/Frameworks/Python.framework/Versions/3.10/lib/python3.10/unittest/mock.py", line 1163, in _execute_mock_call
    raise effect
Exception: OpenStreetMap Network Timeout Error
2026-07-21 22:20:53,201 - services.location_service - WARNING - Failed to fetch IP-based location (Timeout/Network): IP API Timeout
2026-07-21 22:20:53,206 - main - INFO - 글로벌(위치 무관) 데이터 스크래핑을 시작합니다...
2026-07-21 22:20:53,208 - main - INFO - 로컬(위치 기반) 데이터 역매핑을 시작합니다 (좌표: 37.36066, 126.92819, 반경: 3.0km)...
2026-07-21 22:23:06,147 - services.location_service - INFO - 📍 IP-based Location: 37.5665, 126.978
2026-07-21 22:23:06,147 - services.location_service - WARNING - Failed to fetch IP-based location (Timeout/Network): Network Connection Refused
2026-07-21 22:23:06,149 - main - INFO - 로컬(위치 기반) 데이터 역매핑을 시작합니다 (좌표: 37.36066, 126.92819, 반경: 1.0km)...
2026-07-21 22:23:06,151 - main - INFO - 글로벌(위치 무관) 데이터 스크래핑을 시작합니다...
2026-07-21 22:23:14,410 - services.location_service - ERROR - Failed to reverse geocode: OpenStreetMap Network Timeout Error
Traceback (most recent call last):
  File "/Users/steady/.openclaw/workspace/info_waves/services/location_service.py", line 31, in _cached_get_neighborhood
    resp = _session.get(url, headers=headers, params=params, timeout=5)
  File "/Library/Frameworks/Python.framework/Versions/3.10/lib/python3.10/unittest/mock.py", line 1104, in __call__
    return self._mock_call(*args, **kwargs)
  File "/Library/Frameworks/Python.framework/Versions/3.10/lib/python3.10/unittest/mock.py", line 1108, in _mock_call
    return self._execute_mock_call(*args, **kwargs)
  File "/Library/Frameworks/Python.framework/Versions/3.10/lib/python3.10/unittest/mock.py", line 1163, in _execute_mock_call
    raise effect
Exception: OpenStreetMap Network Timeout Error
2026-07-21 22:23:14,414 - services.location_service - WARNING - Failed to fetch IP-based location (Timeout/Network): IP API Timeout
2026-07-21 22:23:14,419 - main - INFO - 글로벌(위치 무관) 데이터 스크래핑을 시작합니다...
2026-07-21 22:23:14,421 - main - INFO - 로컬(위치 기반) 데이터 역매핑을 시작합니다 (좌표: 37.36066, 126.92819, 반경: 3.0km)...
2026-07-21 22:23:14,432 - services.location_service - INFO - 📍 IP-based Location: 37.5665, 126.978
2026-07-21 22:23:14,432 - services.location_service - WARNING - Failed to fetch IP-based location (Timeout/Network): Network Connection Refused
2026-07-21 22:23:14,434 - main - INFO - 로컬(위치 기반) 데이터 역매핑을 시작합니다 (좌표: 37.36066, 126.92819, 반경: 1.0km)...
2026-07-21 22:23:14,436 - main - INFO - 글로벌(위치 무관) 데이터 스크래핑을 시작합니다...
2026-07-21 22:25:37,267 - main - INFO - 로컬(위치 기반) 데이터 역매핑을 시작합니다 (좌표: 37.36066, 126.92819, 반경: 3.0km)...
2026-07-21 22:25:37,273 - services.location_service - INFO - OpenStreetMap Reverse Geocoding: 37.36, 126.928 -> 산본동
2026-07-21 22:25:43,674 - services.location_service - ERROR - Failed to reverse geocode: OpenStreetMap Network Timeout Error
Traceback (most recent call last):
  File "/Users/steady/.openclaw/workspace/info_waves/services/location_service.py", line 31, in _cached_get_neighborhood
    resp = _session.get(url, headers=headers, params=params, timeout=5)
  File "/Library/Frameworks/Python.framework/Versions/3.10/lib/python3.10/unittest/mock.py", line 1104, in __call__
    return self._mock_call(*args, **kwargs)
  File "/Library/Frameworks/Python.framework/Versions/3.10/lib/python3.10/unittest/mock.py", line 1108, in _mock_call
    return self._execute_mock_call(*args, **kwargs)
  File "/Library/Frameworks/Python.framework/Versions/3.10/lib/python3.10/unittest/mock.py", line 1163, in _execute_mock_call
    raise effect
Exception: OpenStreetMap Network Timeout Error
2026-07-21 22:25:43,680 - services.location_service - WARNING - Failed to fetch IP-based location (Timeout/Network): IP API Timeout
2026-07-21 22:25:43,688 - main - INFO - 글로벌(위치 무관) 데이터 스크래핑을 시작합니다...
2026-07-21 22:25:43,692 - main - INFO - 로컬(위치 기반) 데이터 역매핑을 시작합니다 (좌표: 37.36066, 126.92819, 반경: 3.0km)...
2026-07-21 22:25:43,719 - main - INFO - 로컬(위치 기반) 데이터 역매핑을 시작합니다 (좌표: 37.36066, 126.92819, 반경: 3.0km)...
2026-07-21 22:25:43,725 - services.location_service - INFO - OpenStreetMap Reverse Geocoding: 37.36, 126.928 -> 산본동
2026-07-21 22:25:43,731 - services.location_service - INFO - 📍 IP-based Location: 37.5665, 126.978
2026-07-21 22:25:43,731 - services.location_service - WARNING - Failed to fetch IP-based location (Timeout/Network): Network Connection Refused
2026-07-21 22:25:43,734 - main - INFO - 로컬(위치 기반) 데이터 역매핑을 시작합니다 (좌표: 37.36066, 126.92819, 반경: 1.0km)...
2026-07-21 22:25:43,736 - main - INFO - 글로벌(위치 무관) 데이터 스크래핑을 시작합니다...
2026-07-21 22:25:45,336 - main - INFO - 글로벌(위치 무관) 데이터 스크래핑을 시작합니다...
2026-07-21 22:25:50,301 - services.location_service - INFO - 📍 IP-based Location: 37.3654, 127.122
2026-07-21 22:25:51,149 - main - INFO - 로컬(위치 기반) 데이터 역매핑을 시작합니다 (좌표: 37.242, 131.865, 반경: 3.0km)...
2026-07-21 22:25:52,618 - services.location_service - INFO - OpenStreetMap Reverse Geocoding: 37.242, 131.865 -> 서울
2026-07-21 22:25:57,994 - services.location_service - ERROR - Failed to reverse geocode: OpenStreetMap Network Timeout Error
Traceback (most recent call last):
  File "/Users/steady/.openclaw/workspace/info_waves/services/location_service.py", line 31, in _cached_get_neighborhood
    resp = _session.get(url, headers=headers, params=params, timeout=5)
  File "/Library/Frameworks/Python.framework/Versions/3.10/lib/python3.10/unittest/mock.py", line 1104, in __call__
    return self._mock_call(*args, **kwargs)
  File "/Library/Frameworks/Python.framework/Versions/3.10/lib/python3.10/unittest/mock.py", line 1108, in _mock_call
    return self._execute_mock_call(*args, **kwargs)
  File "/Library/Frameworks/Python.framework/Versions/3.10/lib/python3.10/unittest/mock.py", line 1163, in _execute_mock_call
    raise effect
Exception: OpenStreetMap Network Timeout Error
2026-07-21 22:25:57,997 - services.location_service - WARNING - Failed to fetch IP-based location (Timeout/Network): IP API Timeout
2026-07-21 22:25:58,001 - main - INFO - 글로벌(위치 무관) 데이터 스크래핑을 시작합니다...
2026-07-21 22:25:58,003 - main - INFO - 로컬(위치 기반) 데이터 역매핑을 시작합니다 (좌표: 37.36066, 126.92819, 반경: 3.0km)...
2026-07-21 22:25:58,022 - main - INFO - 로컬(위치 기반) 데이터 역매핑을 시작합니다 (좌표: 37.36066, 126.92819, 반경: 3.0km)...
2026-07-21 22:25:58,027 - services.location_service - INFO - OpenStreetMap Reverse Geocoding: 37.36, 126.928 -> 산본동
2026-07-21 22:25:58,032 - services.location_service - INFO - 📍 IP-based Location: 37.5665, 126.978
2026-07-21 22:25:58,033 - services.location_service - WARNING - Failed to fetch IP-based location (Timeout/Network): Network Connection Refused
2026-07-21 22:25:58,035 - main - INFO - 로컬(위치 기반) 데이터 역매핑을 시작합니다 (좌표: 37.36066, 126.92819, 반경: 1.0km)...
2026-07-21 22:25:58,036 - main - INFO - 글로벌(위치 무관) 데이터 스크래핑을 시작합니다...
2026-07-21 22:25:59,677 - main - INFO - 글로벌(위치 무관) 데이터 스크래핑을 시작합니다...
2026-07-21 22:26:03,019 - services.location_service - INFO - 📍 IP-based Location: 37.3654, 127.122
2026-07-21 22:26:03,555 - main - INFO - 로컬(위치 기반) 데이터 역매핑을 시작합니다 (좌표: 37.242, 131.865, 반경: 3.0km)...
2026-07-21 22:26:03,784 - services.location_service - INFO - OpenStreetMap Reverse Geocoding: 37.242, 131.865 -> 서울
2026-07-21 22:26:54,322 - main - INFO - 글로벌(위치 무관) 데이터 스크래핑을 시작합니다...
2026-07-21 22:26:56,505 - services.location_service - INFO - 📍 IP-based Location: 37.3654, 127.122
2026-07-21 22:26:57,319 - services.location_service - INFO - 📍 IP-based Location: 37.3654, 127.122
2026-07-21 22:26:57,321 - app - INFO - 📍 Device Real Location Initialized: 37.360616, 126.920462
2026-07-21 22:26:57,889 - services.location_service - INFO - 📍 IP-based Location: 37.3654, 127.122
2026-07-21 22:26:59,339 - services.location_service - INFO - 📍 IP-based Location: 37.3654, 127.122
2026-07-21 22:26:59,361 - app - INFO - [MAP_CLICK_PROCESS] Updating location base to (37.369339, 126.929169)
2026-07-21 22:26:59,941 - services.location_service - INFO - 📍 IP-based Location: 37.3654, 127.122
2026-07-21 22:27:01,110 - services.location_service - INFO - 📍 IP-based Location: 37.3654, 127.122
2026-07-21 22:27:02,284 - services.location_service - INFO - 📍 IP-based Location: 37.3654, 127.122
2026-07-21 22:27:10,740 - services.location_service - INFO - 📍 IP-based Location: 37.3654, 127.122
2026-07-21 22:27:20,561 - services.location_service - INFO - 📍 IP-based Location: 37.3654, 127.122
2026-07-21 22:27:29,757 - services.location_service - INFO - 📍 IP-based Location: 37.3654, 127.122
2026-07-21 22:27:30,978 - services.location_service - INFO - 📍 IP-based Location: 37.3654, 127.122
2026-07-21 22:27:34,871 - services.location_service - INFO - 📍 IP-based Location: 37.3654, 127.122
2026-07-21 22:27:36,007 - services.location_service - INFO - 📍 IP-based Location: 37.3654, 127.122
2026-07-21 22:34:03,586 - main - INFO - 글로벌(위치 무관) 데이터 스크래핑을 시작합니다...
2026-07-21 22:34:10,871 - services.location_service - INFO - 📍 IP-based Location: 37.3654, 127.122
2026-07-21 22:34:10,896 - main - INFO - 로컬(위치 기반) 데이터 역매핑을 시작합니다 (좌표: 37.36066, 126.92819, 반경: 3.0km)...
2026-07-21 22:34:15,163 - services.location_service - INFO - OpenStreetMap Reverse Geocoding: 37.361, 126.928 -> 산본2동
2026-07-21 22:34:16,038 - main - INFO - 글로벌(위치 무관) 데이터 스크래핑을 시작합니다...
2026-07-21 22:34:18,001 - services.location_service - INFO - 📍 IP-based Location: 37.3654, 127.122
2026-07-21 22:34:18,024 - main - INFO - 로컬(위치 기반) 데이터 역매핑을 시작합니다 (좌표: 37.36066, 126.92819, 반경: 3.0km)...
2026-07-21 22:34:18,205 - services.location_service - INFO - OpenStreetMap Reverse Geocoding: 37.361, 126.928 -> 산본2동
2026-07-21 22:34:26,448 - main - INFO - 로컬(위치 기반) 데이터 역매핑을 시작합니다 (좌표: 37.36066, 126.92819, 반경: 3.0km)...
2026-07-21 22:34:31,077 - services.location_service - ERROR - Failed to reverse geocode: OpenStreetMap Network Timeout Error
Traceback (most recent call last):
  File "/Users/steady/.openclaw/workspace/info_waves/services/location_service.py", line 31, in _cached_get_neighborhood
    resp = _session.get(url, headers=headers, params=params, timeout=5)
  File "/Library/Frameworks/Python.framework/Versions/3.10/lib/python3.10/unittest/mock.py", line 1104, in __call__
    return self._mock_call(*args, **kwargs)
  File "/Library/Frameworks/Python.framework/Versions/3.10/lib/python3.10/unittest/mock.py", line 1108, in _mock_call
    return self._execute_mock_call(*args, **kwargs)
  File "/Library/Frameworks/Python.framework/Versions/3.10/lib/python3.10/unittest/mock.py", line 1163, in _execute_mock_call
    raise effect
Exception: OpenStreetMap Network Timeout Error
2026-07-21 22:34:31,081 - services.location_service - WARNING - Failed to fetch IP-based location (Timeout/Network): IP API Timeout
2026-07-21 22:34:31,085 - main - INFO - 글로벌(위치 무관) 데이터 스크래핑을 시작합니다...
2026-07-21 22:34:31,087 - main - INFO - 로컬(위치 기반) 데이터 역매핑을 시작합니다 (좌표: 37.36066, 126.92819, 반경: 3.0km)...
2026-07-21 22:34:31,106 - main - INFO - 로컬(위치 기반) 데이터 역매핑을 시작합니다 (좌표: 37.36066, 126.92819, 반경: 3.0km)...
2026-07-21 22:34:31,111 - services.location_service - INFO - OpenStreetMap Reverse Geocoding: 37.36, 126.928 -> 산본동
2026-07-21 22:34:31,121 - main - INFO - 로컬(위치 기반) 데이터 역매핑을 시작합니다 (좌표: 37.36066, 126.92819, 반경: 3.0km)...
2026-07-21 22:36:05,848 - main - INFO - 로컬(위치 기반) 데이터 역매핑을 시작합니다 (좌표: 37.36066, 126.92819, 반경: 3.0km)...
2026-07-21 22:36:06,437 - main - INFO - 로컬(위치 기반) 데이터 역매핑을 시작합니다 (좌표: 37.36066, 126.92819, 반경: 3.0km)...
2026-07-21 22:36:06,438 - main - INFO - 로컬(위치 기반) 데이터 역매핑을 시작합니다 (좌표: 37.36066, 126.92819, 반경: 3.0km)...
2026-07-21 22:36:06,438 - main - INFO - 로컬(위치 기반) 데이터 역매핑을 시작합니다 (좌표: 37.36066, 126.92819, 반경: 3.0km)...
2026-07-21 22:36:06,439 - main - INFO - 로컬(위치 기반) 데이터 역매핑을 시작합니다 (좌표: 37.36066, 126.92819, 반경: 3.0km)...
2026-07-21 22:36:06,439 - main - INFO - 로컬(위치 기반) 데이터 역매핑을 시작합니다 (좌표: 37.36066, 126.92819, 반경: 3.0km)...
2026-07-21 22:36:06,441 - services.location_service - ERROR - Failed to search place 강남역: Kakao Map API Network Timeout
Traceback (most recent call last):
  File "/Users/steady/.openclaw/workspace/info_waves/services/location_service.py", line 127, in search_place
    resp = _session.get(url, headers=headers, timeout=5)
  File "/Library/Frameworks/Python.framework/Versions/3.10/lib/python3.10/unittest/mock.py", line 1104, in __call__
    return self._mock_call(*args, **kwargs)
  File "/Library/Frameworks/Python.framework/Versions/3.10/lib/python3.10/unittest/mock.py", line 1108, in _mock_call
    return self._execute_mock_call(*args, **kwargs)
  File "/Library/Frameworks/Python.framework/Versions/3.10/lib/python3.10/unittest/mock.py", line 1163, in _execute_mock_call
    raise effect
Exception: Kakao Map API Network Timeout
2026-07-21 22:36:12,059 - services.location_service - ERROR - Failed to reverse geocode: OpenStreetMap Network Timeout Error
Traceback (most recent call last):
  File "/Users/steady/.openclaw/workspace/info_waves/services/location_service.py", line 31, in _cached_get_neighborhood
    resp = _session.get(url, headers=headers, params=params, timeout=5)
  File "/Library/Frameworks/Python.framework/Versions/3.10/lib/python3.10/unittest/mock.py", line 1104, in __call__
    return self._mock_call(*args, **kwargs)
  File "/Library/Frameworks/Python.framework/Versions/3.10/lib/python3.10/unittest/mock.py", line 1108, in _mock_call
    return self._execute_mock_call(*args, **kwargs)
  File "/Library/Frameworks/Python.framework/Versions/3.10/lib/python3.10/unittest/mock.py", line 1163, in _execute_mock_call
    raise effect
Exception: OpenStreetMap Network Timeout Error
2026-07-21 22:36:12,063 - services.location_service - WARNING - Failed to fetch IP-based location (Timeout/Network): IP API Timeout
2026-07-21 22:36:12,067 - main - INFO - 글로벌(위치 무관) 데이터 스크래핑을 시작합니다...
2026-07-21 22:36:12,069 - main - INFO - 로컬(위치 기반) 데이터 역매핑을 시작합니다 (좌표: 37.36066, 126.92819, 반경: 3.0km)...
2026-07-21 22:36:12,094 - main - INFO - 로컬(위치 기반) 데이터 역매핑을 시작합니다 (좌표: 37.36066, 126.92819, 반경: 3.0km)...
2026-07-21 22:36:12,101 - services.location_service - INFO - OpenStreetMap Reverse Geocoding: 37.36, 126.928 -> 산본동
2026-07-21 22:36:12,111 - main - INFO - 로컬(위치 기반) 데이터 역매핑을 시작합니다 (좌표: 37.36066, 126.92819, 반경: 3.0km)...
2026-07-21 22:36:12,359 - main - INFO - 로컬(위치 기반) 데이터 역매핑을 시작합니다 (좌표: 37.36066, 126.92819, 반경: 3.0km)...
2026-07-21 22:36:12,359 - main - INFO - 로컬(위치 기반) 데이터 역매핑을 시작합니다 (좌표: 37.36066, 126.92819, 반경: 3.0km)...
2026-07-21 22:36:12,360 - main - INFO - 로컬(위치 기반) 데이터 역매핑을 시작합니다 (좌표: 37.36066, 126.92819, 반경: 3.0km)...
2026-07-21 22:36:12,360 - main - INFO - 로컬(위치 기반) 데이터 역매핑을 시작합니다 (좌표: 37.36066, 126.92819, 반경: 3.0km)...
2026-07-21 22:36:12,360 - main - INFO - 로컬(위치 기반) 데이터 역매핑을 시작합니다 (좌표: 37.36066, 126.92819, 반경: 3.0km)...
2026-07-21 22:36:12,362 - services.location_service - ERROR - Failed to search place 강남역: Kakao Map API Network Timeout
Traceback (most recent call last):
  File "/Users/steady/.openclaw/workspace/info_waves/services/location_service.py", line 127, in search_place
    resp = _session.get(url, headers=headers, timeout=5)
  File "/Library/Frameworks/Python.framework/Versions/3.10/lib/python3.10/unittest/mock.py", line 1104, in __call__
    return self._mock_call(*args, **kwargs)
  File "/Library/Frameworks/Python.framework/Versions/3.10/lib/python3.10/unittest/mock.py", line 1108, in _mock_call
    return self._execute_mock_call(*args, **kwargs)
  File "/Library/Frameworks/Python.framework/Versions/3.10/lib/python3.10/unittest/mock.py", line 1163, in _execute_mock_call
    raise effect
Exception: Kakao Map API Network Timeout
2026-07-21 22:37:01,237 - main - INFO - 글로벌(위치 무관) 데이터 스크래핑을 시작합니다...
2026-07-21 22:37:04,995 - services.location_service - INFO - 📍 IP-based Location: 37.3654, 127.122
2026-07-21 22:37:04,996 - services.location_service - INFO - 📍 IP-based Location: 37.3654, 127.122
2026-07-21 22:37:06,100 - services.location_service - INFO - 📍 IP-based Location: 37.3654, 127.122
2026-07-21 22:37:06,102 - app - INFO - 📍 Device Real Location Initialized: 37.360652, 126.920341
2026-07-21 22:37:06,653 - services.location_service - INFO - 📍 IP-based Location: 37.3654, 127.122
2026-07-21 22:37:19,126 - services.location_service - INFO - 📍 IP-based Location: 37.3654, 127.122
2026-07-21 22:37:20,045 - services.location_service - INFO - 📍 IP-based Location: 37.3654, 127.122
2026-07-21 22:37:20,047 - app - INFO - 📍 Device Real Location Initialized: 37.360645, 126.920304
2026-07-21 22:37:20,623 - services.location_service - INFO - 📍 IP-based Location: 37.3654, 127.122
2026-07-21 22:37:22,553 - services.location_service - INFO - 📍 IP-based Location: 37.3654, 127.122
2026-07-21 22:37:23,522 - services.location_service - INFO - 📍 IP-based Location: 37.3654, 127.122
2026-07-21 22:37:23,525 - app - INFO - 📍 Device Real Location Initialized: 37.360645, 126.920304
2026-07-21 22:37:24,443 - services.location_service - INFO - 📍 IP-based Location: 37.3654, 127.122
2026-07-21 22:38:10,392 - services.location_service - INFO - 📍 IP-based Location: 37.3654, 127.122
2026-07-21 22:38:10,414 - main - INFO - 로컬(위치 기반) 데이터 역매핑을 시작합니다 (좌표: 37.36064, 126.9203, 반경: 3.0km)...
2026-07-21 22:38:10,723 - services.location_service - INFO - OpenStreetMap Reverse Geocoding: 37.361, 126.92 -> 산본2동
2026-07-21 22:38:12,242 - services.location_service - INFO - 📍 IP-based Location: 37.3654, 127.122
2026-07-21 22:38:12,265 - app - INFO - [MAP_CLICK_PROCESS] Updating location base to (37.372204, 126.950626)
2026-07-21 22:38:12,848 - services.location_service - INFO - 📍 IP-based Location: 37.3654, 127.122
2026-07-21 22:38:19,232 - services.location_service - INFO - 📍 IP-based Location: 37.3654, 127.122
2026-07-21 22:38:19,257 - main - INFO - 로컬(위치 기반) 데이터 역매핑을 시작합니다 (좌표: 37.3722, 126.95063, 반경: 3.0km)...
2026-07-21 22:38:20,570 - services.location_service - INFO - OpenStreetMap Reverse Geocoding: 37.372, 126.951 -> 호계1동
2026-07-21 22:38:22,503 - services.location_service - INFO - 📍 IP-based Location: 37.3654, 127.122
2026-07-21 22:38:30,037 - services.location_service - INFO - 📍 IP-based Location: 37.3654, 127.122
2026-07-21 22:38:30,982 - services.location_service - INFO - 📍 IP-based Location: 37.3654, 127.122
2026-07-21 22:38:30,985 - app - INFO - 📍 Device Real Location Initialized: 37.360645, 126.920304
2026-07-21 22:38:31,729 - services.location_service - INFO - 📍 IP-based Location: 37.3654, 127.122
2026-07-21 22:40:14,788 - services.location_service - ERROR - Failed to reverse geocode: OpenStreetMap Network Timeout Error
Traceback (most recent call last):
  File "/Users/steady/.openclaw/workspace/info_waves/services/location_service.py", line 31, in _cached_get_neighborhood
    resp = _session.get(url, headers=headers, params=params, timeout=5)
  File "/Library/Frameworks/Python.framework/Versions/3.10/lib/python3.10/unittest/mock.py", line 1104, in __call__
    return self._mock_call(*args, **kwargs)
  File "/Library/Frameworks/Python.framework/Versions/3.10/lib/python3.10/unittest/mock.py", line 1108, in _mock_call
    return self._execute_mock_call(*args, **kwargs)
  File "/Library/Frameworks/Python.framework/Versions/3.10/lib/python3.10/unittest/mock.py", line 1163, in _execute_mock_call
    raise effect
Exception: OpenStreetMap Network Timeout Error
2026-07-21 22:40:14,802 - services.location_service - WARNING - Failed to fetch IP-based location (Timeout/Network): IP API Timeout
2026-07-21 22:40:14,815 - main - INFO - 글로벌(위치 무관) 데이터 스크래핑을 시작합니다...
2026-07-21 22:40:14,821 - main - INFO - 로컬(위치 기반) 데이터 역매핑을 시작합니다 (좌표: 37.36066, 126.92819, 반경: 3.0km)...
2026-07-21 22:40:14,911 - main - INFO - 로컬(위치 기반) 데이터 역매핑을 시작합니다 (좌표: 37.36066, 126.92819, 반경: 3.0km)...
2026-07-21 22:40:14,924 - services.location_service - INFO - OpenStreetMap Reverse Geocoding: 37.36, 126.928 -> 산본동
2026-07-21 22:40:14,952 - main - INFO - 로컬(위치 기반) 데이터 역매핑을 시작합니다 (좌표: 37.36066, 126.92819, 반경: 3.0km)...
2026-07-21 22:40:15,478 - main - INFO - 로컬(위치 기반) 데이터 역매핑을 시작합니다 (좌표: 37.36066, 126.92819, 반경: 3.0km)...
2026-07-21 22:40:15,478 - main - INFO - 로컬(위치 기반) 데이터 역매핑을 시작합니다 (좌표: 37.36066, 126.92819, 반경: 3.0km)...
2026-07-21 22:40:15,479 - main - INFO - 로컬(위치 기반) 데이터 역매핑을 시작합니다 (좌표: 37.36066, 126.92819, 반경: 3.0km)...
2026-07-21 22:40:15,479 - main - INFO - 로컬(위치 기반) 데이터 역매핑을 시작합니다 (좌표: 37.36066, 126.92819, 반경: 3.0km)...
2026-07-21 22:40:15,480 - main - INFO - 로컬(위치 기반) 데이터 역매핑을 시작합니다 (좌표: 37.36066, 126.92819, 반경: 3.0km)...
2026-07-21 22:40:15,481 - services.location_service - ERROR - Failed to search place 강남역: Kakao Map API Network Timeout
Traceback (most recent call last):
  File "/Users/steady/.openclaw/workspace/info_waves/services/location_service.py", line 127, in search_place
    resp = _session.get(url, headers=headers, timeout=5)
  File "/Library/Frameworks/Python.framework/Versions/3.10/lib/python3.10/unittest/mock.py", line 1104, in __call__
    return self._mock_call(*args, **kwargs)
  File "/Library/Frameworks/Python.framework/Versions/3.10/lib/python3.10/unittest/mock.py", line 1108, in _mock_call
    return self._execute_mock_call(*args, **kwargs)
  File "/Library/Frameworks/Python.framework/Versions/3.10/lib/python3.10/unittest/mock.py", line 1163, in _execute_mock_call
    raise effect
Exception: Kakao Map API Network Timeout
2026-07-21 22:41:04,090 - services.location_service - INFO - 📍 IP-based Location: 37.3654, 127.122
2026-07-21 22:41:04,879 - services.location_service - INFO - 📍 IP-based Location: 37.3654, 127.122
2026-07-21 22:41:04,881 - app - INFO - 📍 Device Real Location Initialized: 37.360633, 126.920286
2026-07-21 22:41:05,629 - services.location_service - INFO - 📍 IP-based Location: 37.3654, 127.122
2026-07-21 22:41:10,759 - services.location_service - INFO - 📍 IP-based Location: 37.3654, 127.122
2026-07-21 22:41:11,879 - services.location_service - INFO - 📍 IP-based Location: 37.3654, 127.122
2026-07-21 22:41:11,882 - app - INFO - 📍 Device Real Location Initialized: 37.360623, 126.920285
2026-07-21 22:41:12,738 - services.location_service - INFO - 📍 IP-based Location: 37.3654, 127.122
2026-07-21 22:41:14,244 - services.location_service - INFO - 📍 IP-based Location: 37.3654, 127.122
2026-07-21 22:41:15,104 - services.location_service - INFO - 📍 IP-based Location: 37.3654, 127.122
2026-07-21 22:41:15,107 - app - INFO - 📍 Device Real Location Initialized: 37.360617, 126.920285
2026-07-21 22:41:15,910 - services.location_service - INFO - 📍 IP-based Location: 37.3654, 127.122
2026-07-21 22:41:19,556 - main - INFO - 글로벌(위치 무관) 데이터 스크래핑을 시작합니다...
2026-07-21 22:41:23,009 - services.location_service - INFO - 📍 IP-based Location: 37.3654, 127.122
2026-07-21 22:41:23,013 - services.location_service - INFO - 📍 IP-based Location: 37.3654, 127.122
2026-07-21 22:41:23,950 - services.location_service - INFO - 📍 IP-based Location: 37.3654, 127.122
2026-07-21 22:41:23,951 - app - INFO - 📍 Device Real Location Initialized: 37.360617, 126.920285
2026-07-21 22:41:24,883 - services.location_service - INFO - 📍 IP-based Location: 37.3654, 127.122
2026-07-21 22:41:27,897 - services.location_service - INFO - 📍 IP-based Location: 37.3654, 127.122
2026-07-21 22:41:28,961 - services.location_service - INFO - 📍 IP-based Location: 37.3654, 127.122
2026-07-21 22:41:28,963 - app - INFO - 📍 Device Real Location Initialized: 37.360617, 126.920285
2026-07-21 22:41:29,534 - services.location_service - INFO - 📍 IP-based Location: 37.3654, 127.122
2026-07-21 22:41:31,842 - services.location_service - INFO - 📍 IP-based Location: 37.3654, 127.122
2026-07-21 22:41:32,579 - services.location_service - INFO - 📍 IP-based Location: 37.3654, 127.122
2026-07-21 22:41:32,582 - app - INFO - 📍 Device Real Location Initialized: 37.360617, 126.920285
2026-07-21 22:41:33,142 - services.location_service - INFO - 📍 IP-based Location: 37.3654, 127.122
2026-07-21 22:43:06,686 - services.location_service - ERROR - Failed to reverse geocode: OpenStreetMap Network Timeout Error
Traceback (most recent call last):
  File "/Users/steady/.openclaw/workspace/info_waves/services/location_service.py", line 31, in _cached_get_neighborhood
    resp = _session.get(url, headers=headers, params=params, timeout=5)
  File "/Library/Frameworks/Python.framework/Versions/3.10/lib/python3.10/unittest/mock.py", line 1104, in __call__
    return self._mock_call(*args, **kwargs)
  File "/Library/Frameworks/Python.framework/Versions/3.10/lib/python3.10/unittest/mock.py", line 1108, in _mock_call
    return self._execute_mock_call(*args, **kwargs)
  File "/Library/Frameworks/Python.framework/Versions/3.10/lib/python3.10/unittest/mock.py", line 1163, in _execute_mock_call
    raise effect
Exception: OpenStreetMap Network Timeout Error
2026-07-21 22:43:06,691 - services.location_service - WARNING - Failed to fetch IP-based location (Timeout/Network): IP API Timeout
2026-07-21 22:43:06,695 - main - INFO - 글로벌(위치 무관) 데이터 스크래핑을 시작합니다...
2026-07-21 22:43:06,697 - main - INFO - 로컬(위치 기반) 데이터 역매핑을 시작합니다 (좌표: 37.36066, 126.92819, 반경: 3.0km)...
2026-07-21 22:43:06,719 - main - INFO - 로컬(위치 기반) 데이터 역매핑을 시작합니다 (좌표: 37.36066, 126.92819, 반경: 3.0km)...
2026-07-21 22:43:06,724 - services.location_service - INFO - OpenStreetMap Reverse Geocoding: 37.36, 126.928 -> 산본동
2026-07-21 22:43:06,733 - main - INFO - 로컬(위치 기반) 데이터 역매핑을 시작합니다 (좌표: 37.36066, 126.92819, 반경: 3.0km)...
2026-07-21 22:43:07,457 - main - INFO - 로컬(위치 기반) 데이터 역매핑을 시작합니다 (좌표: 37.36066, 126.92819, 반경: 3.0km)...
2026-07-21 22:43:07,459 - main - INFO - 로컬(위치 기반) 데이터 역매핑을 시작합니다 (좌표: 37.36066, 126.92819, 반경: 3.0km)...
2026-07-21 22:43:07,460 - main - INFO - 로컬(위치 기반) 데이터 역매핑을 시작합니다 (좌표: 37.36066, 126.92819, 반경: 3.0km)...
2026-07-21 22:43:07,460 - main - INFO - 로컬(위치 기반) 데이터 역매핑을 시작합니다 (좌표: 37.36066, 126.92819, 반경: 3.0km)...
2026-07-21 22:43:07,461 - main - INFO - 로컬(위치 기반) 데이터 역매핑을 시작합니다 (좌표: 37.36066, 126.92819, 반경: 3.0km)...
2026-07-21 22:43:07,464 - services.location_service - ERROR - Failed to search place 강남역: Kakao Map API Network Timeout
Traceback (most recent call last):
  File "/Users/steady/.openclaw/workspace/info_waves/services/location_service.py", line 127, in search_place
    resp = _session.get(url, headers=headers, timeout=5)
  File "/Library/Frameworks/Python.framework/Versions/3.10/lib/python3.10/unittest/mock.py", line 1104, in __call__
    return self._mock_call(*args, **kwargs)
  File "/Library/Frameworks/Python.framework/Versions/3.10/lib/python3.10/unittest/mock.py", line 1108, in _mock_call
    return self._execute_mock_call(*args, **kwargs)
  File "/Library/Frameworks/Python.framework/Versions/3.10/lib/python3.10/unittest/mock.py", line 1163, in _execute_mock_call
    raise effect
Exception: Kakao Map API Network Timeout
2026-07-21 22:44:15,802 - main - INFO - 글로벌(위치 무관) 데이터 스크래핑을 시작합니다...
2026-07-21 22:44:19,625 - services.location_service - INFO - 📍 IP-based Location: 37.3654, 127.122
2026-07-21 22:44:19,733 - services.location_service - ERROR - Failed to reverse geocode: OpenStreetMap Network Timeout Error
Traceback (most recent call last):
  File "/Users/steady/.openclaw/workspace/info_waves/services/location_service.py", line 31, in _cached_get_neighborhood
    resp = _session.get(url, headers=headers, params=params, timeout=5)
  File "/Library/Frameworks/Python.framework/Versions/3.10/lib/python3.10/unittest/mock.py", line 1104, in __call__
    return self._mock_call(*args, **kwargs)
  File "/Library/Frameworks/Python.framework/Versions/3.10/lib/python3.10/unittest/mock.py", line 1108, in _mock_call
    return self._execute_mock_call(*args, **kwargs)
  File "/Library/Frameworks/Python.framework/Versions/3.10/lib/python3.10/unittest/mock.py", line 1163, in _execute_mock_call
    raise effect
Exception: OpenStreetMap Network Timeout Error
2026-07-21 22:44:19,737 - services.location_service - WARNING - Failed to fetch IP-based location (Timeout/Network): IP API Timeout
2026-07-21 22:44:19,741 - main - INFO - 글로벌(위치 무관) 데이터 스크래핑을 시작합니다...
2026-07-21 22:44:19,744 - main - INFO - 로컬(위치 기반) 데이터 역매핑을 시작합니다 (좌표: 37.36066, 126.92819, 반경: 3.0km)...
2026-07-21 22:44:19,764 - main - INFO - 로컬(위치 기반) 데이터 역매핑을 시작합니다 (좌표: 37.36066, 126.92819, 반경: 3.0km)...
2026-07-21 22:44:20,165 - services.location_service - INFO - OpenStreetMap Reverse Geocoding: 37.361, 126.928 -> 산본2동
2026-07-21 22:44:20,176 - services.location_service - INFO - OpenStreetMap Reverse Geocoding: 37.36, 126.928 -> 산본동
2026-07-21 22:44:20,822 - main - INFO - 로컬(위치 기반) 데이터 역매핑을 시작합니다 (좌표: 37.36066, 126.92819, 반경: 3.0km)...
2026-07-21 22:44:20,908 - main - INFO - 로컬(위치 기반) 데이터 역매핑을 시작합니다 (좌표: 37.36066, 126.92819, 반경: 3.0km)...
2026-07-21 22:44:20,908 - main - INFO - 로컬(위치 기반) 데이터 역매핑을 시작합니다 (좌표: 37.36066, 126.92819, 반경: 3.0km)...
2026-07-21 22:44:20,909 - main - INFO - 로컬(위치 기반) 데이터 역매핑을 시작합니다 (좌표: 37.36066, 126.92819, 반경: 3.0km)...
2026-07-21 22:44:20,909 - main - INFO - 로컬(위치 기반) 데이터 역매핑을 시작합니다 (좌표: 37.36066, 126.92819, 반경: 3.0km)...
2026-07-21 22:44:20,909 - main - INFO - 로컬(위치 기반) 데이터 역매핑을 시작합니다 (좌표: 37.36066, 126.92819, 반경: 3.0km)...
2026-07-21 22:44:20,910 - services.location_service - ERROR - Failed to search place 강남역: Kakao Map API Network Timeout
Traceback (most recent call last):
  File "/Users/steady/.openclaw/workspace/info_waves/services/location_service.py", line 127, in search_place
    resp = _session.get(url, headers=headers, timeout=5)
  File "/Library/Frameworks/Python.framework/Versions/3.10/lib/python3.10/unittest/mock.py", line 1104, in __call__
    return self._mock_call(*args, **kwargs)
  File "/Library/Frameworks/Python.framework/Versions/3.10/lib/python3.10/unittest/mock.py", line 1108, in _mock_call
    return self._execute_mock_call(*args, **kwargs)
  File "/Library/Frameworks/Python.framework/Versions/3.10/lib/python3.10/unittest/mock.py", line 1163, in _execute_mock_call
    raise effect
Exception: Kakao Map API Network Timeout
2026-07-21 22:44:30,111 - main - INFO - 글로벌(위치 무관) 데이터 스크래핑을 시작합니다...
2026-07-21 22:44:32,542 - services.location_service - INFO - 📍 IP-based Location: 37.3654, 127.122
2026-07-21 22:44:32,571 - services.location_service - ERROR - Failed to reverse geocode: OpenStreetMap Network Timeout Error
Traceback (most recent call last):
  File "/Users/steady/.openclaw/workspace/info_waves/services/location_service.py", line 31, in _cached_get_neighborhood
    resp = _session.get(url, headers=headers, params=params, timeout=5)
  File "/Library/Frameworks/Python.framework/Versions/3.10/lib/python3.10/unittest/mock.py", line 1104, in __call__
    return self._mock_call(*args, **kwargs)
  File "/Library/Frameworks/Python.framework/Versions/3.10/lib/python3.10/unittest/mock.py", line 1108, in _mock_call
    return self._execute_mock_call(*args, **kwargs)
  File "/Library/Frameworks/Python.framework/Versions/3.10/lib/python3.10/unittest/mock.py", line 1163, in _execute_mock_call
    raise effect
Exception: OpenStreetMap Network Timeout Error
2026-07-21 22:44:32,618 - services.location_service - WARNING - Failed to fetch IP-based location (Timeout/Network): IP API Timeout
2026-07-21 22:44:32,622 - main - INFO - 글로벌(위치 무관) 데이터 스크래핑을 시작합니다...
2026-07-21 22:44:32,624 - main - INFO - 로컬(위치 기반) 데이터 역매핑을 시작합니다 (좌표: 37.36066, 126.92819, 반경: 3.0km)...
2026-07-21 22:44:32,647 - main - INFO - 로컬(위치 기반) 데이터 역매핑을 시작합니다 (좌표: 37.36066, 126.92819, 반경: 3.0km)...
2026-07-21 22:44:32,936 - services.location_service - INFO - OpenStreetMap Reverse Geocoding: 37.361, 126.928 -> 산본2동
2026-07-21 22:44:32,946 - services.location_service - INFO - OpenStreetMap Reverse Geocoding: 37.36, 126.928 -> 산본동
2026-07-21 22:44:32,954 - main - INFO - 로컬(위치 기반) 데이터 역매핑을 시작합니다 (좌표: 37.36066, 126.92819, 반경: 3.0km)...
2026-07-21 22:44:33,301 - main - INFO - 로컬(위치 기반) 데이터 역매핑을 시작합니다 (좌표: 37.36066, 126.92819, 반경: 3.0km)...
2026-07-21 22:44:33,302 - main - INFO - 로컬(위치 기반) 데이터 역매핑을 시작합니다 (좌표: 37.36066, 126.92819, 반경: 3.0km)...
2026-07-21 22:44:33,302 - main - INFO - 로컬(위치 기반) 데이터 역매핑을 시작합니다 (좌표: 37.36066, 126.92819, 반경: 3.0km)...
2026-07-21 22:44:33,303 - main - INFO - 로컬(위치 기반) 데이터 역매핑을 시작합니다 (좌표: 37.36066, 126.92819, 반경: 3.0km)...
2026-07-21 22:44:33,303 - main - INFO - 로컬(위치 기반) 데이터 역매핑을 시작합니다 (좌표: 37.36066, 126.92819, 반경: 3.0km)...
2026-07-21 22:44:33,304 - services.location_service - ERROR - Failed to search place 강남역: Kakao Map API Network Timeout
Traceback (most recent call last):
  File "/Users/steady/.openclaw/workspace/info_waves/services/location_service.py", line 127, in search_place
    resp = _session.get(url, headers=headers, timeout=5)
  File "/Library/Frameworks/Python.framework/Versions/3.10/lib/python3.10/unittest/mock.py", line 1104, in __call__
    return self._mock_call(*args, **kwargs)
  File "/Library/Frameworks/Python.framework/Versions/3.10/lib/python3.10/unittest/mock.py", line 1108, in _mock_call
    return self._execute_mock_call(*args, **kwargs)
  File "/Library/Frameworks/Python.framework/Versions/3.10/lib/python3.10/unittest/mock.py", line 1163, in _execute_mock_call
    raise effect
Exception: Kakao Map API Network Timeout
2026-07-21 22:44:45,083 - main - INFO - 글로벌(위치 무관) 데이터 스크래핑을 시작합니다...
2026-07-21 22:44:46,998 - services.location_service - INFO - 📍 IP-based Location: 37.3654, 127.122
2026-07-21 22:44:47,017 - main - INFO - 글로벌(위치 무관) 데이터 스크래핑을 시작합니다...
2026-07-21 22:44:49,070 - services.location_service - INFO - 📍 IP-based Location: 37.3654, 127.122
2026-07-21 22:44:49,079 - services.location_service - ERROR - Failed to reverse geocode: OpenStreetMap Network Timeout Error
Traceback (most recent call last):
  File "/Users/steady/.openclaw/workspace/info_waves/services/location_service.py", line 31, in _cached_get_neighborhood
    resp = _session.get(url, headers=headers, params=params, timeout=5)
  File "/Library/Frameworks/Python.framework/Versions/3.10/lib/python3.10/unittest/mock.py", line 1104, in __call__
    return self._mock_call(*args, **kwargs)
  File "/Library/Frameworks/Python.framework/Versions/3.10/lib/python3.10/unittest/mock.py", line 1108, in _mock_call
    return self._execute_mock_call(*args, **kwargs)
  File "/Library/Frameworks/Python.framework/Versions/3.10/lib/python3.10/unittest/mock.py", line 1163, in _execute_mock_call
    raise effect
Exception: OpenStreetMap Network Timeout Error
2026-07-21 22:44:49,082 - services.location_service - WARNING - Failed to fetch IP-based location (Timeout/Network): IP API Timeout
2026-07-21 22:44:49,087 - main - INFO - 글로벌(위치 무관) 데이터 스크래핑을 시작합니다...
2026-07-21 22:44:49,089 - main - INFO - 로컬(위치 기반) 데이터 역매핑을 시작합니다 (좌표: 37.36066, 126.92819, 반경: 3.0km)...
2026-07-21 22:44:49,107 - main - INFO - 로컬(위치 기반) 데이터 역매핑을 시작합니다 (좌표: 37.36066, 126.92819, 반경: 3.0km)...
2026-07-21 22:44:49,293 - services.location_service - INFO - OpenStreetMap Reverse Geocoding: 37.361, 126.928 -> 산본2동
2026-07-21 22:44:49,344 - services.location_service - INFO - OpenStreetMap Reverse Geocoding: 37.36, 126.928 -> 산본동
2026-07-21 22:44:49,352 - main - INFO - 로컬(위치 기반) 데이터 역매핑을 시작합니다 (좌표: 37.36066, 126.92819, 반경: 3.0km)...
2026-07-21 22:44:49,702 - main - INFO - 로컬(위치 기반) 데이터 역매핑을 시작합니다 (좌표: 37.36066, 126.92819, 반경: 3.0km)...
2026-07-21 22:44:49,703 - main - INFO - 로컬(위치 기반) 데이터 역매핑을 시작합니다 (좌표: 37.36066, 126.92819, 반경: 3.0km)...
2026-07-21 22:44:49,703 - main - INFO - 로컬(위치 기반) 데이터 역매핑을 시작합니다 (좌표: 37.36066, 126.92819, 반경: 3.0km)...
2026-07-21 22:44:49,704 - main - INFO - 로컬(위치 기반) 데이터 역매핑을 시작합니다 (좌표: 37.36066, 126.92819, 반경: 3.0km)...
2026-07-21 22:44:49,704 - main - INFO - 로컬(위치 기반) 데이터 역매핑을 시작합니다 (좌표: 37.36066, 126.92819, 반경: 3.0km)...
2026-07-21 22:44:49,705 - services.location_service - ERROR - Failed to search place 강남역: Kakao Map API Network Timeout
Traceback (most recent call last):
  File "/Users/steady/.openclaw/workspace/info_waves/services/location_service.py", line 127, in search_place
    resp = _session.get(url, headers=headers, timeout=5)
  File "/Library/Frameworks/Python.framework/Versions/3.10/lib/python3.10/unittest/mock.py", line 1104, in __call__
    return self._mock_call(*args, **kwargs)
  File "/Library/Frameworks/Python.framework/Versions/3.10/lib/python3.10/unittest/mock.py", line 1108, in _mock_call
    return self._execute_mock_call(*args, **kwargs)
  File "/Library/Frameworks/Python.framework/Versions/3.10/lib/python3.10/unittest/mock.py", line 1163, in _execute_mock_call
    raise effect
Exception: Kakao Map API Network Timeout
2026-07-21 22:45:27,666 - main - INFO - 글로벌(위치 무관) 데이터 스크래핑을 시작합니다...
2026-07-21 22:45:30,332 - services.location_service - INFO - 📍 IP-based Location: 37.3654, 127.122
2026-07-21 22:45:30,333 - services.location_service - INFO - 📍 IP-based Location: 37.3654, 127.122
2026-07-21 22:45:30,333 - services.location_service - INFO - 📍 IP-based Location: 37.3654, 127.122
2026-07-21 22:45:31,328 - services.location_service - INFO - 📍 IP-based Location: 37.3654, 127.122
2026-07-21 22:45:31,330 - app - INFO - 📍 Device Real Location Initialized: 37.360627, 126.92018
2026-07-21 22:45:31,896 - services.location_service - INFO - 📍 IP-based Location: 37.3654, 127.122
2026-07-21 22:45:33,141 - services.location_service - INFO - 📍 IP-based Location: 37.3654, 127.122
2026-07-21 22:45:33,143 - app - INFO - 📍 Device Real Location Initialized: 37.360627, 126.920179
2026-07-21 22:45:33,814 - services.location_service - INFO - 📍 IP-based Location: 37.3654, 127.122
2026-07-21 22:45:49,178 - services.location_service - INFO - 📍 IP-based Location: 37.3654, 127.122
2026-07-21 22:45:49,936 - services.location_service - INFO - 📍 IP-based Location: 37.3654, 127.122
2026-07-21 22:45:49,938 - app - INFO - 📍 Device Real Location Initialized: 37.360627, 126.92018
2026-07-21 22:45:50,490 - services.location_service - INFO - 📍 IP-based Location: 37.3654, 127.122
2026-07-21 22:46:03,658 - services.location_service - INFO - 📍 IP-based Location: 37.3654, 127.122
2026-07-21 22:46:04,433 - services.location_service - INFO - 📍 IP-based Location: 37.3654, 127.122
2026-07-21 22:46:04,436 - app - INFO - 📍 Device Real Location Initialized: 37.360627, 126.92018
2026-07-21 22:46:05,006 - services.location_service - INFO - 📍 IP-based Location: 37.3654, 127.122
2026-07-21 22:47:38,763 - services.location_service - INFO - 📍 IP-based Location: 37.3654, 127.122
2026-07-21 22:47:38,786 - main - INFO - 로컬(위치 기반) 데이터 역매핑을 시작합니다 (좌표: 37.36063, 126.92018, 반경: 3.0km)...
2026-07-21 22:47:39,563 - services.location_service - INFO - OpenStreetMap Reverse Geocoding: 37.361, 126.92 -> 산본2동
2026-07-21 22:47:42,300 - services.location_service - INFO - 📍 IP-based Location: 37.3654, 127.122
2026-07-21 22:47:43,479 - services.location_service - INFO - 📍 IP-based Location: 37.3654, 127.122
2026-07-21 22:47:44,588 - services.location_service - INFO - 📍 IP-based Location: 37.3654, 127.122
2026-07-21 22:47:53,101 - main - INFO - 글로벌(위치 무관) 데이터 스크래핑을 시작합니다...
2026-07-21 22:47:57,508 - services.location_service - INFO - 📍 IP-based Location: 37.3654, 127.122
2026-07-21 22:47:57,528 - main - INFO - 글로벌(위치 무관) 데이터 스크래핑을 시작합니다...
2026-07-21 22:48:00,457 - services.location_service - INFO - 📍 IP-based Location: 37.3654, 127.122
2026-07-21 22:48:00,468 - services.location_service - ERROR - Failed to reverse geocode: OpenStreetMap Network Timeout Error
Traceback (most recent call last):
  File "/Users/steady/.openclaw/workspace/info_waves/services/location_service.py", line 31, in _cached_get_neighborhood
    resp = _session.get(url, headers=headers, params=params, timeout=5)
  File "/Library/Frameworks/Python.framework/Versions/3.10/lib/python3.10/unittest/mock.py", line 1104, in __call__
    return self._mock_call(*args, **kwargs)
  File "/Library/Frameworks/Python.framework/Versions/3.10/lib/python3.10/unittest/mock.py", line 1108, in _mock_call
    return self._execute_mock_call(*args, **kwargs)
  File "/Library/Frameworks/Python.framework/Versions/3.10/lib/python3.10/unittest/mock.py", line 1163, in _execute_mock_call
    raise effect
Exception: OpenStreetMap Network Timeout Error
2026-07-21 22:48:00,472 - services.location_service - WARNING - Failed to fetch IP-based location (Timeout/Network): IP API Timeout
2026-07-21 22:48:00,476 - main - INFO - 글로벌(위치 무관) 데이터 스크래핑을 시작합니다...
2026-07-21 22:48:00,478 - main - INFO - 로컬(위치 기반) 데이터 역매핑을 시작합니다 (좌표: 37.36066, 126.92819, 반경: 3.0km)...
2026-07-21 22:48:00,498 - main - INFO - 로컬(위치 기반) 데이터 역매핑을 시작합니다 (좌표: 37.36066, 126.92819, 반경: 3.0km)...
2026-07-21 22:48:00,814 - services.location_service - INFO - OpenStreetMap Reverse Geocoding: 37.361, 126.928 -> 산본2동
2026-07-21 22:48:00,862 - services.location_service - INFO - OpenStreetMap Reverse Geocoding: 37.36, 126.928 -> 산본동
2026-07-21 22:48:00,869 - main - INFO - 로컬(위치 기반) 데이터 역매핑을 시작합니다 (좌표: 37.36066, 126.92819, 반경: 3.0km)...
2026-07-21 22:48:01,327 - main - INFO - 로컬(위치 기반) 데이터 역매핑을 시작합니다 (좌표: 37.36066, 126.92819, 반경: 3.0km)...
2026-07-21 22:48:01,328 - main - INFO - 로컬(위치 기반) 데이터 역매핑을 시작합니다 (좌표: 37.36066, 126.92819, 반경: 3.0km)...
2026-07-21 22:48:01,329 - main - INFO - 로컬(위치 기반) 데이터 역매핑을 시작합니다 (좌표: 37.36066, 126.92819, 반경: 3.0km)...
2026-07-21 22:48:01,330 - main - INFO - 로컬(위치 기반) 데이터 역매핑을 시작합니다 (좌표: 37.36066, 126.92819, 반경: 3.0km)...
2026-07-21 22:48:01,330 - main - INFO - 로컬(위치 기반) 데이터 역매핑을 시작합니다 (좌표: 37.36066, 126.92819, 반경: 3.0km)...
2026-07-21 22:48:01,331 - services.location_service - ERROR - Failed to search place 강남역: Kakao Map API Network Timeout
Traceback (most recent call last):
  File "/Users/steady/.openclaw/workspace/info_waves/services/location_service.py", line 127, in search_place
    resp = _session.get(url, headers=headers, timeout=5)
  File "/Library/Frameworks/Python.framework/Versions/3.10/lib/python3.10/unittest/mock.py", line 1104, in __call__
    return self._mock_call(*args, **kwargs)
  File "/Library/Frameworks/Python.framework/Versions/3.10/lib/python3.10/unittest/mock.py", line 1108, in _mock_call
    return self._execute_mock_call(*args, **kwargs)
  File "/Library/Frameworks/Python.framework/Versions/3.10/lib/python3.10/unittest/mock.py", line 1163, in _execute_mock_call
    raise effect
Exception: Kakao Map API Network Timeout
2026-07-21 22:48:20,337 - services.location_service - INFO - 📍 IP-based Location: 37.3654, 127.122
2026-07-21 22:48:21,320 - services.location_service - INFO - 📍 IP-based Location: 37.3654, 127.122
2026-07-21 22:48:21,322 - app - INFO - 📍 Device Real Location Initialized: 37.360627, 126.92018
2026-07-21 22:48:22,144 - services.location_service - INFO - 📍 IP-based Location: 37.3654, 127.122
2026-07-21 22:49:42,231 - main - INFO - 글로벌(위치 무관) 데이터 스크래핑을 시작합니다...
2026-07-21 22:49:44,673 - services.location_service - INFO - 📍 IP-based Location: 37.3654, 127.122
2026-07-21 22:49:44,690 - main - INFO - 글로벌(위치 무관) 데이터 스크래핑을 시작합니다...
2026-07-21 22:49:47,201 - services.location_service - INFO - 📍 IP-based Location: 37.3654, 127.122
2026-07-21 22:49:47,212 - services.location_service - ERROR - Failed to reverse geocode: OpenStreetMap Network Timeout Error
Traceback (most recent call last):
  File "/Users/steady/.openclaw/workspace/info_waves/services/location_service.py", line 31, in _cached_get_neighborhood
    resp = _session.get(url, headers=headers, params=params, timeout=5)
  File "/Library/Frameworks/Python.framework/Versions/3.10/lib/python3.10/unittest/mock.py", line 1104, in __call__
    return self._mock_call(*args, **kwargs)
  File "/Library/Frameworks/Python.framework/Versions/3.10/lib/python3.10/unittest/mock.py", line 1108, in _mock_call
    return self._execute_mock_call(*args, **kwargs)
  File "/Library/Frameworks/Python.framework/Versions/3.10/lib/python3.10/unittest/mock.py", line 1163, in _execute_mock_call
    raise effect
Exception: OpenStreetMap Network Timeout Error
2026-07-21 22:49:47,216 - services.location_service - WARNING - Failed to fetch IP-based location (Timeout/Network): IP API Timeout
2026-07-21 22:49:47,219 - main - INFO - 글로벌(위치 무관) 데이터 스크래핑을 시작합니다...
2026-07-21 22:49:47,223 - main - INFO - 로컬(위치 기반) 데이터 역매핑을 시작합니다 (좌표: 37.36066, 126.92819, 반경: 3.0km)...
2026-07-21 22:49:47,241 - main - INFO - 로컬(위치 기반) 데이터 역매핑을 시작합니다 (좌표: 37.36066, 126.92819, 반경: 3.0km)...
2026-07-21 22:49:47,640 - services.location_service - INFO - OpenStreetMap Reverse Geocoding: 37.361, 126.928 -> 산본2동
2026-07-21 22:49:47,690 - services.location_service - INFO - OpenStreetMap Reverse Geocoding: 37.36, 126.928 -> 산본동
2026-07-21 22:49:47,698 - main - INFO - 로컬(위치 기반) 데이터 역매핑을 시작합니다 (좌표: 37.36066, 126.92819, 반경: 3.0km)...
2026-07-21 22:49:48,137 - main - INFO - 로컬(위치 기반) 데이터 역매핑을 시작합니다 (좌표: 37.36066, 126.92819, 반경: 3.0km)...
2026-07-21 22:49:48,139 - main - INFO - 로컬(위치 기반) 데이터 역매핑을 시작합니다 (좌표: 37.36066, 126.92819, 반경: 3.0km)...
2026-07-21 22:49:48,139 - main - INFO - 로컬(위치 기반) 데이터 역매핑을 시작합니다 (좌표: 37.36066, 126.92819, 반경: 3.0km)...
2026-07-21 22:49:48,140 - main - INFO - 로컬(위치 기반) 데이터 역매핑을 시작합니다 (좌표: 37.36066, 126.92819, 반경: 3.0km)...
2026-07-21 22:49:48,141 - main - INFO - 로컬(위치 기반) 데이터 역매핑을 시작합니다 (좌표: 37.36066, 126.92819, 반경: 3.0km)...
2026-07-21 22:49:48,143 - services.location_service - ERROR - Failed to search place 강남역: Kakao Map API Network Timeout
Traceback (most recent call last):
  File "/Users/steady/.openclaw/workspace/info_waves/services/location_service.py", line 127, in search_place
    resp = _session.get(url, headers=headers, timeout=5)
  File "/Library/Frameworks/Python.framework/Versions/3.10/lib/python3.10/unittest/mock.py", line 1104, in __call__
    return self._mock_call(*args, **kwargs)
  File "/Library/Frameworks/Python.framework/Versions/3.10/lib/python3.10/unittest/mock.py", line 1108, in _mock_call
    return self._execute_mock_call(*args, **kwargs)
  File "/Library/Frameworks/Python.framework/Versions/3.10/lib/python3.10/unittest/mock.py", line 1163, in _execute_mock_call
    raise effect
Exception: Kakao Map API Network Timeout
2026-07-21 22:50:01,546 - main - INFO - 글로벌(위치 무관) 데이터 스크래핑을 시작합니다...
2026-07-21 22:50:05,322 - services.location_service - INFO - 📍 IP-based Location: 37.3654, 127.122
2026-07-21 22:50:05,326 - services.location_service - INFO - 📍 IP-based Location: 37.3654, 127.122
2026-07-21 22:50:05,327 - services.location_service - INFO - 📍 IP-based Location: 37.3654, 127.122
2026-07-21 22:50:06,164 - services.location_service - INFO - 📍 IP-based Location: 37.3654, 127.122
2026-07-21 22:50:06,166 - app - INFO - 📍 Device Real Location Initialized: 37.36061, 126.92027
2026-07-21 22:50:06,698 - services.location_service - INFO - 📍 IP-based Location: 37.3654, 127.122
2026-07-21 22:50:16,680 - services.location_service - INFO - 📍 IP-based Location: 37.3654, 127.122
2026-07-21 22:50:17,480 - services.location_service - INFO - 📍 IP-based Location: 37.3654, 127.122
2026-07-21 22:50:17,483 - app - INFO - 📍 Device Real Location Initialized: 37.360593, 126.920377
2026-07-21 22:50:18,024 - services.location_service - INFO - 📍 IP-based Location: 37.3654, 127.122
2026-07-21 22:50:22,388 - services.location_service - INFO - 📍 IP-based Location: 37.3654, 127.122
2026-07-21 22:50:22,412 - app - INFO - [MAP_CLICK_PROCESS] Updating location base to (37.391846, 126.927109)
2026-07-21 22:50:23,011 - services.location_service - INFO - 📍 IP-based Location: 37.3654, 127.122
2026-07-21 22:50:30,380 - services.location_service - INFO - 📍 IP-based Location: 37.3654, 127.122
2026-07-21 22:50:30,405 - main - INFO - 로컬(위치 기반) 데이터 역매핑을 시작합니다 (좌표: 37.39185, 126.92711, 반경: 3.0km)...
2026-07-21 22:50:31,459 - services.location_service - INFO - OpenStreetMap Reverse Geocoding: 37.392, 126.927 -> 안양동
2026-07-21 22:50:33,281 - services.location_service - INFO - 📍 IP-based Location: 37.3654, 127.122
2026-07-21 22:53:36,200 - main - INFO - 글로벌(위치 무관) 데이터 스크래핑을 시작합니다...
2026-07-21 22:53:40,329 - services.location_service - INFO - 📍 IP-based Location: 37.3654, 127.122
2026-07-21 22:53:40,347 - main - INFO - 글로벌(위치 무관) 데이터 스크래핑을 시작합니다...
2026-07-21 22:53:42,847 - services.location_service - INFO - 📍 IP-based Location: 37.3654, 127.122
2026-07-21 22:53:42,856 - services.location_service - ERROR - Failed to reverse geocode: OpenStreetMap Network Timeout Error
Traceback (most recent call last):
  File "/Users/steady/.openclaw/workspace/info_waves/services/location_service.py", line 31, in _cached_get_neighborhood
    resp = _session.get(url, headers=headers, params=params, timeout=5)
  File "/Library/Frameworks/Python.framework/Versions/3.10/lib/python3.10/unittest/mock.py", line 1104, in __call__
    return self._mock_call(*args, **kwargs)
  File "/Library/Frameworks/Python.framework/Versions/3.10/lib/python3.10/unittest/mock.py", line 1108, in _mock_call
    return self._execute_mock_call(*args, **kwargs)
  File "/Library/Frameworks/Python.framework/Versions/3.10/lib/python3.10/unittest/mock.py", line 1163, in _execute_mock_call
    raise effect
Exception: OpenStreetMap Network Timeout Error
2026-07-21 22:53:42,861 - services.location_service - WARNING - Failed to fetch IP-based location (Timeout/Network): IP API Timeout
2026-07-21 22:53:42,865 - main - INFO - 글로벌(위치 무관) 데이터 스크래핑을 시작합니다...
2026-07-21 22:53:42,869 - main - INFO - 로컬(위치 기반) 데이터 역매핑을 시작합니다 (좌표: 37.36066, 126.92819, 반경: 3.0km)...
2026-07-21 22:53:42,890 - main - INFO - 로컬(위치 기반) 데이터 역매핑을 시작합니다 (좌표: 37.36066, 126.92819, 반경: 3.0km)...
2026-07-21 22:53:43,860 - services.location_service - INFO - OpenStreetMap Reverse Geocoding: 37.361, 126.928 -> 산본2동
2026-07-21 22:53:43,912 - services.location_service - INFO - OpenStreetMap Reverse Geocoding: 37.36, 126.928 -> 산본동
2026-07-21 22:53:43,926 - main - INFO - 로컬(위치 기반) 데이터 역매핑을 시작합니다 (좌표: 37.36066, 126.92819, 반경: 3.0km)...
2026-07-21 22:53:46,942 - main - INFO - 로컬(위치 기반) 데이터 역매핑을 시작합니다 (좌표: 37.36066, 126.92819, 반경: 3.0km)...
2026-07-21 22:53:46,943 - main - INFO - 로컬(위치 기반) 데이터 역매핑을 시작합니다 (좌표: 37.36066, 126.92819, 반경: 3.0km)...
2026-07-21 22:53:46,944 - main - INFO - 로컬(위치 기반) 데이터 역매핑을 시작합니다 (좌표: 37.36066, 126.92819, 반경: 3.0km)...
2026-07-21 22:53:46,944 - main - INFO - 로컬(위치 기반) 데이터 역매핑을 시작합니다 (좌표: 37.36066, 126.92819, 반경: 3.0km)...
2026-07-21 22:53:46,945 - main - INFO - 로컬(위치 기반) 데이터 역매핑을 시작합니다 (좌표: 37.36066, 126.92819, 반경: 3.0km)...
2026-07-21 22:53:46,946 - services.location_service - ERROR - Failed to search place 강남역: Kakao Map API Network Timeout
Traceback (most recent call last):
  File "/Users/steady/.openclaw/workspace/info_waves/services/location_service.py", line 127, in search_place
    resp = _session.get(url, headers=headers, timeout=5)
  File "/Library/Frameworks/Python.framework/Versions/3.10/lib/python3.10/unittest/mock.py", line 1104, in __call__
    return self._mock_call(*args, **kwargs)
  File "/Library/Frameworks/Python.framework/Versions/3.10/lib/python3.10/unittest/mock.py", line 1108, in _mock_call
    return self._execute_mock_call(*args, **kwargs)
  File "/Library/Frameworks/Python.framework/Versions/3.10/lib/python3.10/unittest/mock.py", line 1163, in _execute_mock_call
    raise effect
Exception: Kakao Map API Network Timeout
2026-07-21 22:54:05,447 - main - INFO - 글로벌(위치 무관) 데이터 스크래핑을 시작합니다...
2026-07-21 22:54:07,963 - services.location_service - INFO - 📍 IP-based Location: 37.3654, 127.122
2026-07-21 22:54:07,982 - main - INFO - 글로벌(위치 무관) 데이터 스크래핑을 시작합니다...
2026-07-21 22:54:12,519 - services.location_service - INFO - 📍 IP-based Location: 37.3654, 127.122
2026-07-21 22:54:12,528 - services.location_service - ERROR - Failed to reverse geocode: OpenStreetMap Network Timeout Error
Traceback (most recent call last):
  File "/Users/steady/.openclaw/workspace/info_waves/services/location_service.py", line 31, in _cached_get_neighborhood
    resp = _session.get(url, headers=headers, params=params, timeout=5)
  File "/Library/Frameworks/Python.framework/Versions/3.10/lib/python3.10/unittest/mock.py", line 1104, in __call__
    return self._mock_call(*args, **kwargs)
  File "/Library/Frameworks/Python.framework/Versions/3.10/lib/python3.10/unittest/mock.py", line 1108, in _mock_call
    return self._execute_mock_call(*args, **kwargs)
  File "/Library/Frameworks/Python.framework/Versions/3.10/lib/python3.10/unittest/mock.py", line 1163, in _execute_mock_call
    raise effect
Exception: OpenStreetMap Network Timeout Error
2026-07-21 22:54:12,531 - services.location_service - WARNING - Failed to fetch IP-based location (Timeout/Network): IP API Timeout
2026-07-21 22:54:12,535 - main - INFO - 글로벌(위치 무관) 데이터 스크래핑을 시작합니다...
2026-07-21 22:54:12,537 - main - INFO - 로컬(위치 기반) 데이터 역매핑을 시작합니다 (좌표: 37.36066, 126.92819, 반경: 3.0km)...
2026-07-21 22:54:12,602 - main - INFO - 로컬(위치 기반) 데이터 역매핑을 시작합니다 (좌표: 37.36066, 126.92819, 반경: 3.0km)...
2026-07-21 22:54:12,899 - services.location_service - INFO - OpenStreetMap Reverse Geocoding: 37.361, 126.928 -> 산본2동
2026-07-21 22:54:12,910 - services.location_service - INFO - OpenStreetMap Reverse Geocoding: 37.36, 126.928 -> 산본동
2026-07-21 22:54:12,919 - main - INFO - 로컬(위치 기반) 데이터 역매핑을 시작합니다 (좌표: 37.36066, 126.92819, 반경: 3.0km)...
2026-07-21 22:54:13,783 - main - INFO - 로컬(위치 기반) 데이터 역매핑을 시작합니다 (좌표: 37.36066, 126.92819, 반경: 3.0km)...
2026-07-21 22:54:13,785 - main - INFO - 로컬(위치 기반) 데이터 역매핑을 시작합니다 (좌표: 37.36066, 126.92819, 반경: 3.0km)...
2026-07-21 22:54:13,785 - main - INFO - 로컬(위치 기반) 데이터 역매핑을 시작합니다 (좌표: 37.36066, 126.92819, 반경: 3.0km)...
2026-07-21 22:54:13,786 - main - INFO - 로컬(위치 기반) 데이터 역매핑을 시작합니다 (좌표: 37.36066, 126.92819, 반경: 3.0km)...
2026-07-21 22:54:13,787 - main - INFO - 로컬(위치 기반) 데이터 역매핑을 시작합니다 (좌표: 37.36066, 126.92819, 반경: 3.0km)...
2026-07-21 22:54:13,788 - services.location_service - ERROR - Failed to search place 강남역: Kakao Map API Network Timeout
Traceback (most recent call last):
  File "/Users/steady/.openclaw/workspace/info_waves/services/location_service.py", line 127, in search_place
    resp = _session.get(url, headers=headers, timeout=5)
  File "/Library/Frameworks/Python.framework/Versions/3.10/lib/python3.10/unittest/mock.py", line 1104, in __call__
    return self._mock_call(*args, **kwargs)
  File "/Library/Frameworks/Python.framework/Versions/3.10/lib/python3.10/unittest/mock.py", line 1108, in _mock_call
    return self._execute_mock_call(*args, **kwargs)
  File "/Library/Frameworks/Python.framework/Versions/3.10/lib/python3.10/unittest/mock.py", line 1163, in _execute_mock_call
    raise effect
Exception: Kakao Map API Network Timeout
2026-07-21 22:54:46,631 - services.location_service - INFO - 📍 IP-based Location: 37.3654, 127.122
2026-07-21 22:54:47,790 - services.location_service - INFO - 📍 IP-based Location: 37.3654, 127.122
2026-07-21 22:54:47,793 - app - INFO - 📍 Device Real Location Initialized: 37.360628, 126.920223
2026-07-21 22:54:48,404 - services.location_service - INFO - 📍 IP-based Location: 37.3654, 127.122
2026-07-21 22:55:11,450 - services.location_service - INFO - 📍 IP-based Location: 37.3654, 127.122
2026-07-21 22:55:11,476 - main - INFO - 로컬(위치 기반) 데이터 역매핑을 시작합니다 (좌표: 37.36063, 126.92022, 반경: 3.0km)...
2026-07-21 22:55:12,094 - services.location_service - INFO - OpenStreetMap Reverse Geocoding: 37.361, 126.92 -> 산본2동
2026-07-21 22:55:14,224 - services.location_service - INFO - 📍 IP-based Location: 37.3654, 127.122
2026-07-21 22:56:51,663 - main - INFO - 글로벌(위치 무관) 데이터 스크래핑을 시작합니다...
2026-07-21 22:56:55,492 - services.location_service - INFO - 📍 IP-based Location: 37.3654, 127.122
2026-07-21 22:56:55,532 - main - INFO - 글로벌(위치 무관) 데이터 스크래핑을 시작합니다...
2026-07-21 22:56:57,456 - services.location_service - INFO - 📍 IP-based Location: 37.3654, 127.122
2026-07-21 22:56:57,466 - services.location_service - ERROR - Failed to reverse geocode: OpenStreetMap Network Timeout Error
Traceback (most recent call last):
  File "/Users/steady/.openclaw/workspace/info_waves/services/location_service.py", line 31, in _cached_get_neighborhood
    resp = _session.get(url, headers=headers, params=params, timeout=5)
  File "/Library/Frameworks/Python.framework/Versions/3.10/lib/python3.10/unittest/mock.py", line 1104, in __call__
    return self._mock_call(*args, **kwargs)
  File "/Library/Frameworks/Python.framework/Versions/3.10/lib/python3.10/unittest/mock.py", line 1108, in _mock_call
    return self._execute_mock_call(*args, **kwargs)
  File "/Library/Frameworks/Python.framework/Versions/3.10/lib/python3.10/unittest/mock.py", line 1163, in _execute_mock_call
    raise effect
Exception: OpenStreetMap Network Timeout Error
2026-07-21 22:56:57,469 - services.location_service - WARNING - Failed to fetch IP-based location (Timeout/Network): IP API Timeout
2026-07-21 22:56:57,473 - main - INFO - 글로벌(위치 무관) 데이터 스크래핑을 시작합니다...
2026-07-21 22:56:57,475 - main - INFO - 로컬(위치 기반) 데이터 역매핑을 시작합니다 (좌표: 37.36066, 126.92819, 반경: 3.0km)...
2026-07-21 22:56:57,495 - main - INFO - 로컬(위치 기반) 데이터 역매핑을 시작합니다 (좌표: 37.36066, 126.92819, 반경: 3.0km)...
2026-07-21 22:56:57,905 - services.location_service - INFO - OpenStreetMap Reverse Geocoding: 37.361, 126.928 -> 산본2동
2026-07-21 22:56:57,914 - services.location_service - INFO - OpenStreetMap Reverse Geocoding: 37.36, 126.928 -> 산본동
2026-07-21 22:56:57,966 - main - INFO - 로컬(위치 기반) 데이터 역매핑을 시작합니다 (좌표: 37.36066, 126.92819, 반경: 3.0km)...
2026-07-21 22:56:58,366 - main - INFO - 로컬(위치 기반) 데이터 역매핑을 시작합니다 (좌표: 37.36066, 126.92819, 반경: 3.0km)...
2026-07-21 22:56:58,368 - main - INFO - 로컬(위치 기반) 데이터 역매핑을 시작합니다 (좌표: 37.36066, 126.92819, 반경: 3.0km)...
2026-07-21 22:56:58,368 - main - INFO - 로컬(위치 기반) 데이터 역매핑을 시작합니다 (좌표: 37.36066, 126.92819, 반경: 3.0km)...
2026-07-21 22:56:58,370 - main - INFO - 로컬(위치 기반) 데이터 역매핑을 시작합니다 (좌표: 37.36066, 126.92819, 반경: 3.0km)...
2026-07-21 22:56:58,370 - main - INFO - 로컬(위치 기반) 데이터 역매핑을 시작합니다 (좌표: 37.36066, 126.92819, 반경: 3.0km)...
2026-07-21 22:56:58,372 - services.location_service - ERROR - Failed to search place 강남역: Kakao Map API Network Timeout
Traceback (most recent call last):
  File "/Users/steady/.openclaw/workspace/info_waves/services/location_service.py", line 127, in search_place
    resp = _session.get(url, headers=headers, timeout=5)
  File "/Library/Frameworks/Python.framework/Versions/3.10/lib/python3.10/unittest/mock.py", line 1104, in __call__
    return self._mock_call(*args, **kwargs)
  File "/Library/Frameworks/Python.framework/Versions/3.10/lib/python3.10/unittest/mock.py", line 1108, in _mock_call
    return self._execute_mock_call(*args, **kwargs)
  File "/Library/Frameworks/Python.framework/Versions/3.10/lib/python3.10/unittest/mock.py", line 1163, in _execute_mock_call
    raise effect
Exception: Kakao Map API Network Timeout
2026-07-21 22:57:06,187 - services.location_service - INFO - 📍 IP-based Location: 37.3654, 127.122
2026-07-21 22:57:15,122 - services.location_service - INFO - 📍 IP-based Location: 37.3654, 127.122
2026-07-21 22:57:16,003 - services.location_service - INFO - 📍 IP-based Location: 37.3654, 127.122
2026-07-21 22:57:16,005 - app - INFO - 📍 Device Real Location Initialized: 37.360602, 126.920309
2026-07-21 22:57:16,558 - services.location_service - INFO - 📍 IP-based Location: 37.3654, 127.122
2026-07-21 22:57:25,745 - services.location_service - INFO - 📍 IP-based Location: 37.3654, 127.122
2026-07-21 22:57:25,771 - main - INFO - 로컬(위치 기반) 데이터 역매핑을 시작합니다 (좌표: 37.3606, 126.92031, 반경: 3.0km)...
2026-07-21 22:57:25,952 - services.location_service - INFO - OpenStreetMap Reverse Geocoding: 37.361, 126.92 -> 산본2동
2026-07-21 22:57:28,678 - services.location_service - INFO - 📍 IP-based Location: 37.3654, 127.122
2026-07-21 22:57:33,320 - services.location_service - INFO - 📍 IP-based Location: 37.3654, 127.122
2026-07-21 22:57:35,148 - services.location_service - INFO - 📍 IP-based Location: 37.3654, 127.122
2026-07-21 22:57:39,736 - services.location_service - INFO - 📍 IP-based Location: 37.3654, 127.122
2026-07-21 22:57:41,157 - services.location_service - INFO - 📍 IP-based Location: 37.3654, 127.122
2026-07-21 22:57:44,711 - services.location_service - INFO - 📍 IP-based Location: 37.3654, 127.122
2026-07-21 22:57:44,736 - main - INFO - 로컬(위치 기반) 데이터 역매핑을 시작합니다 (좌표: 37.40186, 126.92264, 반경: 3.0km)...
2026-07-21 22:57:45,728 - services.location_service - INFO - OpenStreetMap Reverse Geocoding: 37.402, 126.923 -> 안양동
2026-07-21 22:57:47,598 - services.location_service - INFO - 📍 IP-based Location: 37.3654, 127.122
2026-07-21 22:58:55,487 - services.location_service - INFO - 📍 IP-based Location: 37.3654, 127.122
2026-07-21 22:58:57,033 - services.location_service - INFO - 📍 IP-based Location: 37.3654, 127.122
2026-07-21 22:58:59,216 - services.location_service - INFO - 📍 IP-based Location: 37.3654, 127.122
2026-07-21 22:58:59,243 - app - INFO - [MAP_CLICK_PROCESS] Updating location base to (37.356786, 126.950283)
2026-07-21 22:58:59,908 - services.location_service - INFO - 📍 IP-based Location: 37.3654, 127.122
2026-07-21 23:01:27,091 - main - INFO - 글로벌(위치 무관) 데이터 스크래핑을 시작합니다...
2026-07-21 23:01:32,123 - services.location_service - INFO - 📍 IP-based Location: 37.3654, 127.122
2026-07-21 23:01:32,140 - main - INFO - 글로벌(위치 무관) 데이터 스크래핑을 시작합니다...
2026-07-21 23:01:34,541 - services.location_service - INFO - 📍 IP-based Location: 37.3654, 127.122
2026-07-21 23:01:34,548 - services.location_service - ERROR - Failed to reverse geocode: OpenStreetMap Network Timeout Error
Traceback (most recent call last):
  File "/Users/steady/.openclaw/workspace/info_waves/services/location_service.py", line 31, in _cached_get_neighborhood
    resp = _session.get(url, headers=headers, params=params, timeout=5)
  File "/Library/Frameworks/Python.framework/Versions/3.10/lib/python3.10/unittest/mock.py", line 1104, in __call__
    return self._mock_call(*args, **kwargs)
  File "/Library/Frameworks/Python.framework/Versions/3.10/lib/python3.10/unittest/mock.py", line 1108, in _mock_call
    return self._execute_mock_call(*args, **kwargs)
  File "/Library/Frameworks/Python.framework/Versions/3.10/lib/python3.10/unittest/mock.py", line 1163, in _execute_mock_call
    raise effect
Exception: OpenStreetMap Network Timeout Error
2026-07-21 23:01:34,553 - services.location_service - WARNING - Failed to fetch IP-based location (Timeout/Network): IP API Timeout
2026-07-21 23:01:34,558 - main - INFO - 글로벌(위치 무관) 데이터 스크래핑을 시작합니다...
2026-07-21 23:01:34,560 - main - INFO - 로컬(위치 기반) 데이터 역매핑을 시작합니다 (좌표: 37.36066, 126.92819, 반경: 3.0km)...
2026-07-21 23:01:34,579 - main - INFO - 로컬(위치 기반) 데이터 역매핑을 시작합니다 (좌표: 37.36066, 126.92819, 반경: 3.0km)...
2026-07-21 23:01:35,092 - services.location_service - INFO - OpenStreetMap Reverse Geocoding: 37.361, 126.928 -> 산본2동
2026-07-21 23:01:35,142 - services.location_service - INFO - OpenStreetMap Reverse Geocoding: 37.36, 126.928 -> 산본동
2026-07-21 23:01:35,156 - main - INFO - 로컬(위치 기반) 데이터 역매핑을 시작합니다 (좌표: 37.36066, 126.92819, 반경: 3.0km)...
2026-07-21 23:01:36,919 - main - INFO - 로컬(위치 기반) 데이터 역매핑을 시작합니다 (좌표: 37.36066, 126.92819, 반경: 3.0km)...
2026-07-21 23:01:36,920 - main - INFO - 로컬(위치 기반) 데이터 역매핑을 시작합니다 (좌표: 37.36066, 126.92819, 반경: 3.0km)...
2026-07-21 23:01:36,921 - main - INFO - 로컬(위치 기반) 데이터 역매핑을 시작합니다 (좌표: 37.36066, 126.92819, 반경: 3.0km)...
2026-07-21 23:01:36,921 - main - INFO - 로컬(위치 기반) 데이터 역매핑을 시작합니다 (좌표: 37.36066, 126.92819, 반경: 3.0km)...
2026-07-21 23:01:36,922 - main - INFO - 로컬(위치 기반) 데이터 역매핑을 시작합니다 (좌표: 37.36066, 126.92819, 반경: 3.0km)...
2026-07-21 23:01:36,923 - services.location_service - ERROR - Failed to search place 강남역: Kakao Map API Network Timeout
Traceback (most recent call last):
  File "/Users/steady/.openclaw/workspace/info_waves/services/location_service.py", line 127, in search_place
    resp = _session.get(url, headers=headers, timeout=5)
  File "/Library/Frameworks/Python.framework/Versions/3.10/lib/python3.10/unittest/mock.py", line 1104, in __call__
    return self._mock_call(*args, **kwargs)
  File "/Library/Frameworks/Python.framework/Versions/3.10/lib/python3.10/unittest/mock.py", line 1108, in _mock_call
    return self._execute_mock_call(*args, **kwargs)
  File "/Library/Frameworks/Python.framework/Versions/3.10/lib/python3.10/unittest/mock.py", line 1163, in _execute_mock_call
    raise effect
Exception: Kakao Map API Network Timeout
2026-07-21 23:01:47,181 - main - INFO - 글로벌(위치 무관) 데이터 스크래핑을 시작합니다...
2026-07-21 23:01:49,402 - services.location_service - INFO - 📍 IP-based Location: 37.3654, 127.122
2026-07-21 23:01:49,418 - main - INFO - 글로벌(위치 무관) 데이터 스크래핑을 시작합니다...
2026-07-21 23:01:51,766 - services.location_service - INFO - 📍 IP-based Location: 37.3654, 127.122
2026-07-21 23:01:51,774 - services.location_service - ERROR - Failed to reverse geocode: OpenStreetMap Network Timeout Error
Traceback (most recent call last):
  File "/Users/steady/.openclaw/workspace/info_waves/services/location_service.py", line 31, in _cached_get_neighborhood
    resp = _session.get(url, headers=headers, params=params, timeout=5)
  File "/Library/Frameworks/Python.framework/Versions/3.10/lib/python3.10/unittest/mock.py", line 1104, in __call__
    return self._mock_call(*args, **kwargs)
  File "/Library/Frameworks/Python.framework/Versions/3.10/lib/python3.10/unittest/mock.py", line 1108, in _mock_call
    return self._execute_mock_call(*args, **kwargs)
  File "/Library/Frameworks/Python.framework/Versions/3.10/lib/python3.10/unittest/mock.py", line 1163, in _execute_mock_call
    raise effect
Exception: OpenStreetMap Network Timeout Error
2026-07-21 23:01:51,778 - services.location_service - WARNING - Failed to fetch IP-based location (Timeout/Network): IP API Timeout
2026-07-21 23:01:51,783 - main - INFO - 글로벌(위치 무관) 데이터 스크래핑을 시작합니다...
2026-07-21 23:01:51,785 - main - INFO - 로컬(위치 기반) 데이터 역매핑을 시작합니다 (좌표: 37.36066, 126.92819, 반경: 3.0km)...
2026-07-21 23:01:51,804 - main - INFO - 로컬(위치 기반) 데이터 역매핑을 시작합니다 (좌표: 37.36066, 126.92819, 반경: 3.0km)...
2026-07-21 23:01:52,040 - services.location_service - INFO - OpenStreetMap Reverse Geocoding: 37.361, 126.928 -> 산본2동
2026-07-21 23:01:52,088 - services.location_service - INFO - OpenStreetMap Reverse Geocoding: 37.36, 126.928 -> 산본동
2026-07-21 23:01:52,099 - main - INFO - 로컬(위치 기반) 데이터 역매핑을 시작합니다 (좌표: 37.36066, 126.92819, 반경: 3.0km)...
2026-07-21 23:01:52,515 - main - INFO - 로컬(위치 기반) 데이터 역매핑을 시작합니다 (좌표: 37.36066, 126.92819, 반경: 3.0km)...
2026-07-21 23:01:52,516 - main - INFO - 로컬(위치 기반) 데이터 역매핑을 시작합니다 (좌표: 37.36066, 126.92819, 반경: 3.0km)...
2026-07-21 23:01:52,517 - main - INFO - 로컬(위치 기반) 데이터 역매핑을 시작합니다 (좌표: 37.36066, 126.92819, 반경: 3.0km)...
2026-07-21 23:01:52,518 - main - INFO - 로컬(위치 기반) 데이터 역매핑을 시작합니다 (좌표: 37.36066, 126.92819, 반경: 3.0km)...
2026-07-21 23:01:52,518 - main - INFO - 로컬(위치 기반) 데이터 역매핑을 시작합니다 (좌표: 37.36066, 126.92819, 반경: 3.0km)...
2026-07-21 23:01:52,519 - services.location_service - ERROR - Failed to search place 강남역: Kakao Map API Network Timeout
Traceback (most recent call last):
  File "/Users/steady/.openclaw/workspace/info_waves/services/location_service.py", line 127, in search_place
    resp = _session.get(url, headers=headers, timeout=5)
  File "/Library/Frameworks/Python.framework/Versions/3.10/lib/python3.10/unittest/mock.py", line 1104, in __call__
    return self._mock_call(*args, **kwargs)
  File "/Library/Frameworks/Python.framework/Versions/3.10/lib/python3.10/unittest/mock.py", line 1108, in _mock_call
    return self._execute_mock_call(*args, **kwargs)
  File "/Library/Frameworks/Python.framework/Versions/3.10/lib/python3.10/unittest/mock.py", line 1163, in _execute_mock_call
    raise effect
Exception: Kakao Map API Network Timeout
2026-07-21 23:02:58,535 - main - INFO - 글로벌(위치 무관) 데이터 스크래핑을 시작합니다...
2026-07-21 23:03:00,535 - services.location_service - INFO - 📍 IP-based Location: 37.3654, 127.122
2026-07-21 23:03:01,449 - services.location_service - INFO - 📍 IP-based Location: 37.3654, 127.122
2026-07-21 23:03:01,452 - app - INFO - 📍 Device Real Location Initialized: 37.360641, 126.920291
2026-07-21 23:03:02,484 - services.location_service - INFO - 📍 IP-based Location: 37.3654, 127.122
2026-07-21 23:03:04,894 - services.location_service - INFO - 📍 IP-based Location: 37.3654, 127.122
2026-07-21 23:03:04,921 - main - INFO - 로컬(위치 기반) 데이터 역매핑을 시작합니다 (좌표: 37.36064, 126.92029, 반경: 3.0km)...
2026-07-21 23:03:05,254 - services.location_service - INFO - OpenStreetMap Reverse Geocoding: 37.361, 126.92 -> 산본2동
2026-07-21 23:03:07,074 - services.location_service - INFO - 📍 IP-based Location: 37.3654, 127.122
2026-07-21 23:03:11,700 - services.location_service - INFO - 📍 IP-based Location: 37.3654, 127.122
2026-07-21 23:03:13,005 - services.location_service - INFO - 📍 IP-based Location: 37.3654, 127.122
2026-07-21 23:03:18,467 - services.location_service - INFO - 📍 IP-based Location: 37.3654, 127.122
2026-07-21 23:03:18,491 - app - INFO - [MAP_CLICK_PROCESS] Updating location base to (37.3913, 126.957493)
2026-07-21 23:03:19,073 - services.location_service - INFO - 📍 IP-based Location: 37.3654, 127.122
2026-07-21 23:03:21,470 - services.location_service - INFO - 📍 IP-based Location: 37.3654, 127.122
2026-07-21 23:03:21,495 - main - INFO - 로컬(위치 기반) 데이터 역매핑을 시작합니다 (좌표: 37.3913, 126.95749, 반경: 3.0km)...
2026-07-21 23:03:22,508 - services.location_service - INFO - OpenStreetMap Reverse Geocoding: 37.391, 126.957 -> 부림동
2026-07-21 23:03:24,561 - services.location_service - INFO - 📍 IP-based Location: 37.3654, 127.122
2026-07-21 23:03:27,853 - services.location_service - INFO - 📍 IP-based Location: 37.3654, 127.122
2026-07-21 23:03:29,009 - services.location_service - INFO - 📍 IP-based Location: 37.3654, 127.122
2026-07-21 23:03:29,011 - app - INFO - 📍 Device Real Location Initialized: 37.360641, 126.920291
2026-07-21 23:03:29,620 - services.location_service - INFO - 📍 IP-based Location: 37.3654, 127.122
2026-07-21 23:03:33,679 - services.location_service - INFO - 📍 IP-based Location: 37.3654, 127.122
2026-07-21 23:03:34,575 - services.location_service - INFO - 📍 IP-based Location: 37.3654, 127.122
2026-07-21 23:03:34,578 - app - INFO - 📍 Device Real Location Initialized: 37.360641, 126.920291
2026-07-21 23:03:35,259 - services.location_service - INFO - 📍 IP-based Location: 37.3654, 127.122
2026-07-21 23:03:42,299 - main - INFO - 글로벌(위치 무관) 데이터 스크래핑을 시작합니다...
2026-07-21 23:03:45,800 - services.location_service - INFO - 📍 IP-based Location: 37.3654, 127.122
2026-07-21 23:03:45,801 - services.location_service - INFO - 📍 IP-based Location: 37.3654, 127.122
2026-07-21 23:03:45,802 - services.location_service - INFO - 📍 IP-based Location: 37.3654, 127.122
2026-07-21 23:03:45,803 - services.location_service - INFO - 📍 IP-based Location: 37.3654, 127.122
2026-07-21 23:03:46,734 - services.location_service - INFO - 📍 IP-based Location: 37.3654, 127.122
2026-07-21 23:03:46,736 - app - INFO - 📍 Device Real Location Initialized: 37.360641, 126.920291
2026-07-21 23:03:47,541 - services.location_service - INFO - 📍 IP-based Location: 37.3654, 127.122
2026-07-21 23:03:48,871 - services.location_service - INFO - 📍 IP-based Location: 37.3654, 127.122
2026-07-21 23:03:48,874 - app - INFO - 📍 Device Real Location Initialized: 37.360641, 126.920291
2026-07-21 23:03:49,470 - services.location_service - INFO - 📍 IP-based Location: 37.3654, 127.122
2026-07-21 23:03:49,880 - services.location_service - INFO - 📍 IP-based Location: 37.3654, 127.122
2026-07-21 23:03:49,904 - main - INFO - 로컬(위치 기반) 데이터 역매핑을 시작합니다 (좌표: 37.36064, 126.92029, 반경: 3.0km)...
2026-07-21 23:03:50,074 - services.location_service - INFO - OpenStreetMap Reverse Geocoding: 37.361, 126.92 -> 산본2동
2026-07-21 23:03:52,250 - services.location_service - INFO - 📍 IP-based Location: 37.3654, 127.122
2026-07-21 23:05:56,679 - main - INFO - 글로벌(위치 무관) 데이터 스크래핑을 시작합니다...
2026-07-21 23:06:00,438 - services.location_service - INFO - 📍 IP-based Location: 37.3654, 127.122
2026-07-21 23:06:00,457 - main - INFO - 글로벌(위치 무관) 데이터 스크래핑을 시작합니다...
2026-07-21 23:06:02,524 - services.location_service - INFO - 📍 IP-based Location: 37.3654, 127.122
2026-07-21 23:06:02,537 - services.location_service - ERROR - Failed to reverse geocode: OpenStreetMap Network Timeout Error
Traceback (most recent call last):
  File "/Users/steady/.openclaw/workspace/info_waves/services/location_service.py", line 31, in _cached_get_neighborhood
    resp = _session.get(url, headers=headers, params=params, timeout=5)
  File "/Library/Frameworks/Python.framework/Versions/3.10/lib/python3.10/unittest/mock.py", line 1104, in __call__
    return self._mock_call(*args, **kwargs)
  File "/Library/Frameworks/Python.framework/Versions/3.10/lib/python3.10/unittest/mock.py", line 1108, in _mock_call
    return self._execute_mock_call(*args, **kwargs)
  File "/Library/Frameworks/Python.framework/Versions/3.10/lib/python3.10/unittest/mock.py", line 1163, in _execute_mock_call
    raise effect
Exception: OpenStreetMap Network Timeout Error
2026-07-21 23:06:02,541 - services.location_service - WARNING - Failed to fetch IP-based location (Timeout/Network): IP API Timeout
2026-07-21 23:06:02,545 - main - INFO - 글로벌(위치 무관) 데이터 스크래핑을 시작합니다...
2026-07-21 23:06:02,548 - main - INFO - 로컬(위치 기반) 데이터 역매핑을 시작합니다 (좌표: 37.36066, 126.92819, 반경: 3.0km)...
2026-07-21 23:06:02,568 - main - INFO - 로컬(위치 기반) 데이터 역매핑을 시작합니다 (좌표: 37.36066, 126.92819, 반경: 3.0km)...
2026-07-21 23:06:03,106 - services.location_service - INFO - OpenStreetMap Reverse Geocoding: 37.361, 126.928 -> 산본2동
2026-07-21 23:06:03,160 - services.location_service - INFO - OpenStreetMap Reverse Geocoding: 37.36, 126.928 -> 산본동
2026-07-21 23:06:03,171 - main - INFO - 로컬(위치 기반) 데이터 역매핑을 시작합니다 (좌표: 37.36066, 126.92819, 반경: 3.0km)...
2026-07-21 23:06:03,729 - main - INFO - 로컬(위치 기반) 데이터 역매핑을 시작합니다 (좌표: 37.36066, 126.92819, 반경: 3.0km)...
2026-07-21 23:06:03,730 - main - INFO - 로컬(위치 기반) 데이터 역매핑을 시작합니다 (좌표: 37.36066, 126.92819, 반경: 3.0km)...
2026-07-21 23:06:03,731 - main - INFO - 로컬(위치 기반) 데이터 역매핑을 시작합니다 (좌표: 37.36066, 126.92819, 반경: 3.0km)...
2026-07-21 23:06:03,732 - main - INFO - 로컬(위치 기반) 데이터 역매핑을 시작합니다 (좌표: 37.36066, 126.92819, 반경: 3.0km)...
2026-07-21 23:06:03,732 - main - INFO - 로컬(위치 기반) 데이터 역매핑을 시작합니다 (좌표: 37.36066, 126.92819, 반경: 3.0km)...
2026-07-21 23:06:03,734 - services.location_service - ERROR - Failed to search place 강남역: Kakao Map API Network Timeout
Traceback (most recent call last):
  File "/Users/steady/.openclaw/workspace/info_waves/services/location_service.py", line 127, in search_place
    resp = _session.get(url, headers=headers, timeout=5)
  File "/Library/Frameworks/Python.framework/Versions/3.10/lib/python3.10/unittest/mock.py", line 1104, in __call__
    return self._mock_call(*args, **kwargs)
  File "/Library/Frameworks/Python.framework/Versions/3.10/lib/python3.10/unittest/mock.py", line 1108, in _mock_call
    return self._execute_mock_call(*args, **kwargs)
  File "/Library/Frameworks/Python.framework/Versions/3.10/lib/python3.10/unittest/mock.py", line 1163, in _execute_mock_call
    raise effect
Exception: Kakao Map API Network Timeout
2026-07-21 23:06:33,858 - services.location_service - INFO - 📍 IP-based Location: 37.3654, 127.122
2026-07-21 23:06:34,570 - services.location_service - INFO - 📍 IP-based Location: 37.3654, 127.122
2026-07-21 23:06:34,572 - app - INFO - 📍 Device Real Location Initialized: 37.36065, 126.920204
2026-07-21 23:06:35,278 - services.location_service - INFO - 📍 IP-based Location: 37.3654, 127.122
2026-07-21 23:06:37,635 - services.location_service - INFO - 📍 IP-based Location: 37.3654, 127.122
2026-07-21 23:06:37,660 - app - INFO - [MAP_CLICK_PROCESS] Updating location base to (37.361971, 126.959896)
2026-07-21 23:06:38,247 - services.location_service - INFO - 📍 IP-based Location: 37.3654, 127.122
2026-07-21 23:06:44,119 - services.location_service - INFO - 📍 IP-based Location: 37.3654, 127.122
2026-07-21 23:06:45,569 - services.location_service - INFO - 📍 IP-based Location: 37.3654, 127.122
2026-07-21 23:06:48,170 - services.location_service - INFO - 📍 IP-based Location: 37.3654, 127.122
2026-07-21 23:06:48,195 - app - INFO - 📍 Returning to My Device Location: (37.36065, 126.920204)
2026-07-21 23:06:48,739 - services.location_service - INFO - 📍 IP-based Location: 37.3654, 127.122
2026-07-21 23:06:51,844 - services.location_service - INFO - 📍 IP-based Location: 37.3654, 127.122
2026-07-21 23:06:51,871 - main - INFO - 로컬(위치 기반) 데이터 역매핑을 시작합니다 (좌표: 37.36065, 126.9202, 반경: 3.0km)...
2026-07-21 23:06:52,105 - services.location_service - INFO - OpenStreetMap Reverse Geocoding: 37.361, 126.92 -> 산본2동
2026-07-21 23:06:53,914 - services.location_service - INFO - 📍 IP-based Location: 37.3654, 127.122
2026-07-21 23:07:25,742 - main - INFO - 글로벌(위치 무관) 데이터 스크래핑을 시작합니다...
2026-07-21 23:07:30,227 - services.location_service - INFO - 📍 IP-based Location: 37.3654, 127.122
2026-07-21 23:07:30,228 - services.location_service - INFO - 📍 IP-based Location: 37.3654, 127.122
2026-07-21 23:07:30,229 - services.location_service - INFO - 📍 IP-based Location: 37.3654, 127.122
2026-07-21 23:07:30,230 - services.location_service - INFO - 📍 IP-based Location: 37.3654, 127.122
2026-07-21 23:07:31,497 - services.location_service - INFO - 📍 IP-based Location: 37.3654, 127.122
2026-07-21 23:07:31,499 - app - INFO - 📍 Device Real Location Initialized: 37.36065, 126.920204
2026-07-21 23:07:32,083 - services.location_service - INFO - 📍 IP-based Location: 37.3654, 127.122
2026-07-21 23:07:33,746 - services.location_service - INFO - 📍 IP-based Location: 37.3654, 127.122
2026-07-21 23:07:33,748 - app - INFO - 📍 Device Real Location Initialized: 37.360634, 126.920244
2026-07-21 23:07:34,360 - services.location_service - INFO - 📍 IP-based Location: 37.3654, 127.122
2026-07-21 23:07:39,873 - services.location_service - INFO - 📍 IP-based Location: 37.3654, 127.122
2026-07-21 23:07:39,876 - app - INFO - 📍 Device Real Location Initialized: 37.360634, 126.920244
2026-07-21 23:07:40,452 - services.location_service - INFO - 📍 IP-based Location: 37.3654, 127.122
2026-07-21 23:07:53,210 - services.location_service - INFO - 📍 IP-based Location: 37.3654, 127.122
2026-07-21 23:08:06,712 - main - INFO - 글로벌(위치 무관) 데이터 스크래핑을 시작합니다...
2026-07-21 23:08:08,716 - main - INFO - 글로벌(위치 무관) 데이터 스크래핑을 시작합니다...
2026-07-21 23:08:09,888 - services.location_service - INFO - 📍 IP-based Location: 37.3654, 127.122
2026-07-21 23:08:09,957 - services.location_service - INFO - 📍 IP-based Location: 37.3654, 127.122
2026-07-21 23:08:10,673 - services.location_service - INFO - 📍 IP-based Location: 37.3654, 127.122
2026-07-21 23:08:10,692 - main - INFO - 글로벌(위치 무관) 데이터 스크래핑을 시작합니다...
2026-07-21 23:08:10,702 - services.location_service - INFO - 📍 IP-based Location: 37.3654, 127.122
2026-07-21 23:08:10,703 - app - INFO - 📍 Device Real Location Initialized: 37.360634, 126.920244
2026-07-21 23:08:11,304 - services.location_service - INFO - 📍 IP-based Location: 37.3654, 127.122
2026-07-21 23:08:12,109 - services.location_service - INFO - 📍 IP-based Location: 37.3654, 127.122
2026-07-21 23:08:12,111 - app - INFO - 📍 Device Real Location Initialized: 37.360634, 126.920244
2026-07-21 23:08:12,672 - services.location_service - INFO - 📍 IP-based Location: 37.3654, 127.122
2026-07-21 23:08:12,883 - services.location_service - INFO - 📍 IP-based Location: 37.3654, 127.122
2026-07-21 23:08:12,894 - services.location_service - ERROR - Failed to reverse geocode: OpenStreetMap Network Timeout Error
Traceback (most recent call last):
  File "/Users/steady/.openclaw/workspace/info_waves/services/location_service.py", line 31, in _cached_get_neighborhood
    resp = _session.get(url, headers=headers, params=params, timeout=5)
  File "/Library/Frameworks/Python.framework/Versions/3.10/lib/python3.10/unittest/mock.py", line 1104, in __call__
    return self._mock_call(*args, **kwargs)
  File "/Library/Frameworks/Python.framework/Versions/3.10/lib/python3.10/unittest/mock.py", line 1108, in _mock_call
    return self._execute_mock_call(*args, **kwargs)
  File "/Library/Frameworks/Python.framework/Versions/3.10/lib/python3.10/unittest/mock.py", line 1163, in _execute_mock_call
    raise effect
Exception: OpenStreetMap Network Timeout Error
2026-07-21 23:08:12,898 - services.location_service - WARNING - Failed to fetch IP-based location (Timeout/Network): IP API Timeout
2026-07-21 23:08:12,903 - main - INFO - 글로벌(위치 무관) 데이터 스크래핑을 시작합니다...
2026-07-21 23:08:12,905 - main - INFO - 로컬(위치 기반) 데이터 역매핑을 시작합니다 (좌표: 37.36066, 126.92819, 반경: 3.0km)...
2026-07-21 23:08:12,925 - main - INFO - 로컬(위치 기반) 데이터 역매핑을 시작합니다 (좌표: 37.36066, 126.92819, 반경: 3.0km)...
2026-07-21 23:08:13,302 - services.location_service - INFO - OpenStreetMap Reverse Geocoding: 37.361, 126.928 -> 산본2동
2026-07-21 23:08:13,353 - services.location_service - INFO - OpenStreetMap Reverse Geocoding: 37.36, 126.928 -> 산본동
2026-07-21 23:08:13,362 - main - INFO - 로컬(위치 기반) 데이터 역매핑을 시작합니다 (좌표: 37.36066, 126.92819, 반경: 3.0km)...
2026-07-21 23:08:14,006 - main - INFO - 로컬(위치 기반) 데이터 역매핑을 시작합니다 (좌표: 37.36066, 126.92819, 반경: 3.0km)...
2026-07-21 23:08:14,008 - main - INFO - 로컬(위치 기반) 데이터 역매핑을 시작합니다 (좌표: 37.36066, 126.92819, 반경: 3.0km)...
2026-07-21 23:08:14,008 - main - INFO - 로컬(위치 기반) 데이터 역매핑을 시작합니다 (좌표: 37.36066, 126.92819, 반경: 3.0km)...
2026-07-21 23:08:14,009 - main - INFO - 로컬(위치 기반) 데이터 역매핑을 시작합니다 (좌표: 37.36066, 126.92819, 반경: 3.0km)...
2026-07-21 23:08:14,010 - main - INFO - 로컬(위치 기반) 데이터 역매핑을 시작합니다 (좌표: 37.36066, 126.92819, 반경: 3.0km)...
2026-07-21 23:08:14,011 - services.location_service - ERROR - Failed to search place 강남역: Kakao Map API Network Timeout
Traceback (most recent call last):
  File "/Users/steady/.openclaw/workspace/info_waves/services/location_service.py", line 127, in search_place
    resp = _session.get(url, headers=headers, timeout=5)
  File "/Library/Frameworks/Python.framework/Versions/3.10/lib/python3.10/unittest/mock.py", line 1104, in __call__
    return self._mock_call(*args, **kwargs)
  File "/Library/Frameworks/Python.framework/Versions/3.10/lib/python3.10/unittest/mock.py", line 1108, in _mock_call
    return self._execute_mock_call(*args, **kwargs)
  File "/Library/Frameworks/Python.framework/Versions/3.10/lib/python3.10/unittest/mock.py", line 1163, in _execute_mock_call
    raise effect
Exception: Kakao Map API Network Timeout
2026-07-21 23:08:20,487 - main - INFO - 글로벌(위치 무관) 데이터 스크래핑을 시작합니다...
2026-07-21 23:08:22,512 - services.location_service - INFO - 📍 IP-based Location: 37.3654, 127.122
2026-07-21 23:08:22,525 - services.location_service - INFO - 📍 IP-based Location: 37.3654, 127.122
2026-07-21 23:08:24,680 - services.location_service - INFO - 📍 IP-based Location: 37.3654, 127.122
2026-07-21 23:08:24,681 - app - INFO - 📍 Device Real Location Initialized: 37.360634, 126.920244
2026-07-21 23:08:25,015 - services.location_service - INFO - 📍 IP-based Location: 37.3654, 127.122
2026-07-21 23:08:25,017 - app - INFO - 📍 Device Real Location Initialized: 37.360634, 126.920244
2026-07-21 23:08:25,232 - services.location_service - INFO - 📍 IP-based Location: 37.3654, 127.122
2026-07-21 23:08:25,607 - services.location_service - INFO - 📍 IP-based Location: 37.3654, 127.122
2026-07-21 23:08:28,806 - services.location_service - INFO - 📍 IP-based Location: 37.3654, 127.122
2026-07-21 23:08:28,826 - main - INFO - 로컬(위치 기반) 데이터 역매핑을 시작합니다 (좌표: 37.36063, 126.92024, 반경: 3.0km)...
2026-07-21 23:08:28,986 - services.location_service - INFO - OpenStreetMap Reverse Geocoding: 37.361, 126.92 -> 산본2동
2026-07-21 23:08:30,685 - services.location_service - INFO - 📍 IP-based Location: 37.3654, 127.122
2026-07-21 23:08:36,503 - services.location_service - INFO - 📍 IP-based Location: 37.3654, 127.122
2026-07-21 23:08:37,935 - services.location_service - INFO - 📍 IP-based Location: 37.3654, 127.122
2026-07-21 23:09:11,674 - services.location_service - INFO - 📍 IP-based Location: 37.3654, 127.122
2026-07-21 23:09:12,751 - services.location_service - INFO - 📍 IP-based Location: 37.3654, 127.122
2026-07-21 23:09:12,754 - app - INFO - 📍 Device Real Location Initialized: 37.360634, 126.920244
2026-07-21 23:09:13,610 - services.location_service - INFO - 📍 IP-based Location: 37.3654, 127.122
2026-07-21 23:09:16,116 - services.location_service - INFO - 📍 IP-based Location: 37.3654, 127.122
2026-07-21 23:09:17,865 - services.location_service - INFO - 📍 IP-based Location: 37.3654, 127.122
2026-07-21 23:09:17,888 - main - INFO - 로컬(위치 기반) 데이터 역매핑을 시작합니다 (좌표: 37.36063, 126.92024, 반경: 0.5km)...
2026-07-21 23:09:18,098 - services.location_service - INFO - OpenStreetMap Reverse Geocoding: 37.361, 126.92 -> 산본2동
2026-07-21 23:09:20,449 - services.location_service - INFO - 📍 IP-based Location: 37.3654, 127.122
2026-07-21 23:16:16,567 - services.location_service - INFO - 📍 IP-based Location: 37.3654, 127.122
2026-07-21 23:16:49,663 - services.location_service - INFO - 📍 IP-based Location: 37.3654, 127.122
2026-07-21 23:22:16,331 - main - INFO - 글로벌(위치 무관) 데이터 스크래핑을 시작합니다...
2026-07-21 23:22:19,822 - services.location_service - INFO - 📍 IP-based Location: 37.3654, 127.122
2026-07-21 23:22:20,732 - services.location_service - INFO - 📍 IP-based Location: 37.3654, 127.122
2026-07-21 23:22:39,064 - services.location_service - INFO - 📍 IP-based Location: 37.3654, 127.122
2026-07-21 23:22:39,078 - main - INFO - 로컬(위치 기반) 데이터 역매핑을 시작합니다 (좌표: 37.3654, 127.122, 반경: 3.0km)...
2026-07-21 23:22:40,355 - services.location_service - INFO - OpenStreetMap Reverse Geocoding: 37.365, 127.122 -> 정자동
2026-07-21 23:22:42,233 - services.location_service - INFO - 📍 IP-based Location: 37.3654, 127.122
2026-07-21 23:22:59,237 - main - INFO - 글로벌(위치 무관) 데이터 스크래핑을 시작합니다...
2026-07-21 23:23:01,181 - services.location_service - INFO - 📍 IP-based Location: 37.3654, 127.122
2026-07-21 23:23:01,182 - services.location_service - INFO - 📍 IP-based Location: 37.3654, 127.122
2026-07-21 23:23:01,183 - services.location_service - INFO - 📍 IP-based Location: 37.3654, 127.122
2026-07-21 23:23:02,099 - services.location_service - INFO - 📍 IP-based Location: 37.3654, 127.122
2026-07-21 23:23:02,101 - app - INFO - 📍 Device Real Location Initialized: 37.360642, 126.920301
2026-07-21 23:23:02,285 - services.location_service - INFO - 📍 IP-based Location: 37.3654, 127.122
2026-07-21 23:23:02,732 - services.location_service - INFO - 📍 IP-based Location: 37.3654, 127.122
2026-07-21 23:23:05,190 - services.location_service - INFO - 📍 IP-based Location: 37.3654, 127.122
2026-07-21 23:23:05,849 - services.location_service - INFO - 📍 IP-based Location: 37.3654, 127.122
2026-07-21 23:23:27,032 - services.location_service - INFO - 📍 IP-based Location: 37.3654, 127.122
2026-07-21 23:23:33,607 - services.location_service - INFO - 📍 IP-based Location: 37.3654, 127.122
2026-07-21 23:23:42,959 - services.location_service - INFO - 📍 IP-based Location: 37.3654, 127.122
2026-07-21 23:23:44,203 - services.location_service - INFO - 📍 IP-based Location: 37.3654, 127.122
2026-07-21 23:23:46,082 - services.location_service - INFO - 📍 IP-based Location: 37.3654, 127.122
2026-07-21 23:23:46,107 - app - INFO - [MAP_CLICK_PROCESS] Updating location base to (37.382571, 126.948051)
2026-07-21 23:23:46,687 - services.location_service - INFO - 📍 IP-based Location: 37.3654, 127.122
2026-07-21 23:23:48,130 - services.location_service - INFO - 📍 IP-based Location: 37.3654, 127.122
2026-07-21 23:23:53,000 - services.location_service - INFO - 📍 IP-based Location: 37.3654, 127.122
2026-07-21 23:23:53,026 - app - INFO - [MAP_CLICK_PROCESS] Updating location base to (37.361698, 126.922131)
2026-07-21 23:23:53,588 - services.location_service - INFO - 📍 IP-based Location: 37.3654, 127.122
2026-07-21 23:23:56,488 - services.location_service - INFO - 📍 IP-based Location: 37.3654, 127.122
2026-07-21 23:23:56,515 - main - INFO - 로컬(위치 기반) 데이터 역매핑을 시작합니다 (좌표: 37.3617, 126.92213, 반경: 0.5km)...
2026-07-21 23:23:57,544 - services.location_service - INFO - OpenStreetMap Reverse Geocoding: 37.362, 126.922 -> 산본2동
2026-07-21 23:23:59,487 - services.location_service - INFO - 📍 IP-based Location: 37.3654, 127.122
2026-07-21 23:24:12,754 - services.location_service - INFO - 📍 IP-based Location: 37.3654, 127.122
2026-07-21 23:24:38,260 - services.location_service - INFO - 📍 IP-based Location: 37.3654, 127.122
2026-07-21 23:24:38,624 - services.location_service - INFO - 📍 IP-based Location: 37.3654, 127.122
2026-07-21 23:24:39,393 - services.location_service - INFO - 📍 IP-based Location: 37.3654, 127.122
2026-07-21 23:24:43,396 - services.location_service - INFO - 📍 IP-based Location: 37.3654, 127.122
2026-07-21 23:24:48,698 - services.location_service - INFO - 📍 IP-based Location: 37.3654, 127.122
2026-07-21 23:24:48,738 - app - INFO - [MAP_CLICK_PROCESS] Updating location base to (37.392846, 126.94891)
2026-07-21 23:24:49,619 - services.location_service - INFO - 📍 IP-based Location: 37.3654, 127.122
2026-07-21 23:25:05,285 - services.location_service - INFO - 📍 IP-based Location: 37.3654, 127.122
2026-07-21 23:25:06,536 - services.location_service - INFO - 📍 IP-based Location: 37.3654, 127.122
2026-07-21 23:26:03,001 - services.location_service - INFO - 📍 IP-based Location: 37.3654, 127.122
2026-07-21 23:26:04,168 - services.location_service - INFO - 📍 IP-based Location: 37.3654, 127.122
2026-07-21 23:26:16,095 - services.location_service - INFO - 📍 IP-based Location: 37.3654, 127.122
2026-07-21 23:26:16,971 - services.location_service - INFO - 📍 IP-based Location: 37.3654, 127.122
2026-07-21 23:26:39,592 - services.location_service - INFO - 📍 IP-based Location: 37.3654, 127.122
2026-07-21 23:26:39,594 - app - INFO - 📍 Device Real Location Initialized: 37.360624, 126.92024
2026-07-21 23:26:40,314 - services.location_service - INFO - 📍 IP-based Location: 37.3654, 127.122
2026-07-21 23:27:25,736 - services.location_service - INFO - 📍 IP-based Location: 37.3654, 127.122
2026-07-21 23:27:29,677 - services.location_service - INFO - 📍 IP-based Location: 37.3654, 127.122
2026-07-22 00:33:27,839 - main - INFO - 글로벌(위치 무관) 데이터 스크래핑을 시작합니다...
2026-07-22 00:33:38,239 - services.location_service - INFO - 📍 IP-based Location: 37.3654, 127.122
2026-07-22 00:33:39,073 - services.location_service - INFO - 📍 IP-based Location: 37.3654, 127.122
2026-07-22 00:33:39,076 - app - INFO - 📍 Device Real Location Initialized: 37.360598, 126.920355
2026-07-22 00:33:40,099 - services.location_service - INFO - 📍 IP-based Location: 37.3654, 127.122
2026-07-22 20:54:47,088 - services.location_service - ERROR - Failed to reverse geocode: OpenStreetMap Network Timeout Error
Traceback (most recent call last):
  File "/Users/steady/.openclaw/workspace/info_waves/services/location_service.py", line 31, in _cached_get_neighborhood
    resp = _session.get(url, headers=headers, params=params, timeout=5)
  File "/Library/Frameworks/Python.framework/Versions/3.10/lib/python3.10/unittest/mock.py", line 1104, in __call__
    return self._mock_call(*args, **kwargs)
  File "/Library/Frameworks/Python.framework/Versions/3.10/lib/python3.10/unittest/mock.py", line 1108, in _mock_call
    return self._execute_mock_call(*args, **kwargs)
  File "/Library/Frameworks/Python.framework/Versions/3.10/lib/python3.10/unittest/mock.py", line 1163, in _execute_mock_call
    raise effect
Exception: OpenStreetMap Network Timeout Error
2026-07-22 20:54:47,093 - services.location_service - WARNING - Failed to fetch IP-based location (Timeout/Network): IP API Timeout
2026-07-22 20:55:08,158 - services.location_service - INFO - OpenStreetMap Reverse Geocoding: 37.36, 126.92 -> 산본2동
2026-07-22 20:55:31,826 - services.location_service - INFO - OpenStreetMap Reverse Geocoding: 37.36, 126.92 -> 산본2동
2026-07-22 20:57:46,365 - services.location_service - ERROR - Failed to reverse geocode: OpenStreetMap Network Timeout Error
Traceback (most recent call last):
  File "/Users/steady/.openclaw/workspace/info_waves/services/location_service.py", line 32, in _cached_get_neighborhood
    resp = _session.get(url, headers=headers, params=params, timeout=5)
  File "/Library/Frameworks/Python.framework/Versions/3.10/lib/python3.10/unittest/mock.py", line 1104, in __call__
    return self._mock_call(*args, **kwargs)
  File "/Library/Frameworks/Python.framework/Versions/3.10/lib/python3.10/unittest/mock.py", line 1108, in _mock_call
    return self._execute_mock_call(*args, **kwargs)
  File "/Library/Frameworks/Python.framework/Versions/3.10/lib/python3.10/unittest/mock.py", line 1163, in _execute_mock_call
    raise effect
Exception: OpenStreetMap Network Timeout Error
2026-07-22 20:57:46,403 - services.location_service - WARNING - Failed to fetch IP-based location (Timeout/Network): IP API Timeout
2026-07-22 20:58:00,933 - services.location_service - ERROR - Failed to reverse geocode: OpenStreetMap Network Timeout Error
Traceback (most recent call last):
  File "/Users/steady/.openclaw/workspace/info_waves/services/location_service.py", line 32, in _cached_get_neighborhood
    resp = _session.get(url, headers=headers, params=params, timeout=5)
  File "/Library/Frameworks/Python.framework/Versions/3.10/lib/python3.10/unittest/mock.py", line 1104, in __call__
    return self._mock_call(*args, **kwargs)
  File "/Library/Frameworks/Python.framework/Versions/3.10/lib/python3.10/unittest/mock.py", line 1108, in _mock_call
    return self._execute_mock_call(*args, **kwargs)
  File "/Library/Frameworks/Python.framework/Versions/3.10/lib/python3.10/unittest/mock.py", line 1163, in _execute_mock_call
    raise effect
Exception: OpenStreetMap Network Timeout Error
2026-07-22 20:58:00,937 - services.location_service - WARNING - Failed to fetch IP-based location (Timeout/Network): IP API Timeout
2026-07-22 20:58:09,546 - main - INFO - 글로벌(위치 무관) 데이터 스크래핑을 시작합니다...
2026-07-22 20:58:13,092 - services.location_service - INFO - 📍 IP-based Location: 37.5332, 126.9692
2026-07-22 20:58:13,108 - main - INFO - 글로벌(위치 무관) 데이터 스크래핑을 시작합니다...
2026-07-22 20:58:14,871 - services.location_service - INFO - 📍 IP-based Location: 37.5332, 126.9692
2026-07-22 20:58:14,878 - services.location_service - ERROR - Failed to reverse geocode: OpenStreetMap Network Timeout Error
Traceback (most recent call last):
  File "/Users/steady/.openclaw/workspace/info_waves/services/location_service.py", line 32, in _cached_get_neighborhood
    resp = _session.get(url, headers=headers, params=params, timeout=5)
  File "/Library/Frameworks/Python.framework/Versions/3.10/lib/python3.10/unittest/mock.py", line 1104, in __call__
    return self._mock_call(*args, **kwargs)
  File "/Library/Frameworks/Python.framework/Versions/3.10/lib/python3.10/unittest/mock.py", line 1108, in _mock_call
    return self._execute_mock_call(*args, **kwargs)
  File "/Library/Frameworks/Python.framework/Versions/3.10/lib/python3.10/unittest/mock.py", line 1163, in _execute_mock_call
    raise effect
Exception: OpenStreetMap Network Timeout Error
2026-07-22 20:58:14,882 - services.location_service - WARNING - Failed to fetch IP-based location (Timeout/Network): IP API Timeout
2026-07-22 20:58:17,260 - main - INFO - 글로벌(위치 무관) 데이터 스크래핑을 시작합니다...
2026-07-22 20:58:17,263 - main - INFO - 로컬(위치 기반) 데이터 역매핑을 시작합니다 (좌표: 37.36066, 126.92819, 반경: 3.0km)...
2026-07-22 20:58:17,283 - main - INFO - 로컬(위치 기반) 데이터 역매핑을 시작합니다 (좌표: 37.36066, 126.92819, 반경: 3.0km)...
2026-07-22 20:58:18,502 - services.location_service - INFO - OpenStreetMap Reverse Geocoding: 37.361, 126.928 -> 산본2동
2026-07-22 20:58:18,507 - services.location_service - INFO - OpenStreetMap Reverse Geocoding: 37.36, 126.928 -> 산본동
2026-07-22 20:58:18,518 - main - INFO - 로컬(위치 기반) 데이터 역매핑을 시작합니다 (좌표: 37.36066, 126.92819, 반경: 3.0km)...
2026-07-22 20:58:22,927 - main - INFO - 로컬(위치 기반) 데이터 역매핑을 시작합니다 (좌표: 37.36066, 126.92819, 반경: 3.0km)...
2026-07-22 20:58:22,929 - main - INFO - 로컬(위치 기반) 데이터 역매핑을 시작합니다 (좌표: 37.36066, 126.92819, 반경: 3.0km)...
2026-07-22 20:58:22,929 - main - INFO - 로컬(위치 기반) 데이터 역매핑을 시작합니다 (좌표: 37.36066, 126.92819, 반경: 3.0km)...
2026-07-22 20:58:22,930 - main - INFO - 로컬(위치 기반) 데이터 역매핑을 시작합니다 (좌표: 37.36066, 126.92819, 반경: 3.0km)...
2026-07-22 20:58:22,930 - main - INFO - 로컬(위치 기반) 데이터 역매핑을 시작합니다 (좌표: 37.36066, 126.92819, 반경: 3.0km)...
2026-07-22 20:58:22,931 - services.location_service - ERROR - Failed to search place 강남역: Kakao Map API Network Timeout
Traceback (most recent call last):
  File "/Users/steady/.openclaw/workspace/info_waves/services/location_service.py", line 156, in search_place
    resp = _session.get(url, headers=headers, timeout=5)
  File "/Library/Frameworks/Python.framework/Versions/3.10/lib/python3.10/unittest/mock.py", line 1104, in __call__
    return self._mock_call(*args, **kwargs)
  File "/Library/Frameworks/Python.framework/Versions/3.10/lib/python3.10/unittest/mock.py", line 1108, in _mock_call
    return self._execute_mock_call(*args, **kwargs)
  File "/Library/Frameworks/Python.framework/Versions/3.10/lib/python3.10/unittest/mock.py", line 1163, in _execute_mock_call
    raise effect
Exception: Kakao Map API Network Timeout
2026-07-22 20:59:58,258 - main - INFO - 글로벌(위치 무관) 데이터 스크래핑을 시작합니다...
2026-07-22 21:00:01,213 - services.location_service - INFO - 📍 IP-based Location: 37.5332, 126.9692
2026-07-22 21:00:03,070 - services.location_service - INFO - 📍 IP-based Location: 37.5332, 126.9692
2026-07-22 21:00:04,091 - services.location_service - INFO - 📍 IP-based Location: 37.5332, 126.9692
2026-07-22 21:00:04,093 - app - INFO - 📍 Device Real Location Initialized: 37.360709, 126.920178
2026-07-22 21:00:05,075 - services.location_service - INFO - 📍 IP-based Location: 37.5332, 126.9692
2026-07-22 21:00:08,383 - services.location_service - INFO - 📍 IP-based Location: 37.5332, 126.9692
2026-07-22 21:00:11,251 - services.location_service - INFO - 📍 IP-based Location: 37.5332, 126.9692
2026-07-22 21:00:11,273 - main - INFO - 로컬(위치 기반) 데이터 역매핑을 시작합니다 (좌표: 37.36071, 126.92018, 반경: 0.5km)...
2026-07-22 21:00:12,703 - services.location_service - INFO - OpenStreetMap Reverse Geocoding: 37.361, 126.92 -> 산본2동
2026-07-22 21:00:18,825 - services.location_service - INFO - 📍 IP-based Location: 37.5332, 126.9692
2026-07-22 21:00:29,107 - services.location_service - ERROR - Failed to reverse geocode: OpenStreetMap Network Timeout Error
Traceback (most recent call last):
  File "/Users/steady/.openclaw/workspace/info_waves/services/location_service.py", line 32, in _cached_get_neighborhood
    resp = _session.get(url, headers=headers, params=params, timeout=5)
  File "/Library/Frameworks/Python.framework/Versions/3.10/lib/python3.10/unittest/mock.py", line 1104, in __call__
    return self._mock_call(*args, **kwargs)
  File "/Library/Frameworks/Python.framework/Versions/3.10/lib/python3.10/unittest/mock.py", line 1108, in _mock_call
    return self._execute_mock_call(*args, **kwargs)
  File "/Library/Frameworks/Python.framework/Versions/3.10/lib/python3.10/unittest/mock.py", line 1163, in _execute_mock_call
    raise effect
Exception: OpenStreetMap Network Timeout Error
2026-07-22 21:00:29,112 - services.location_service - WARNING - Failed to fetch IP-based location (Timeout/Network): IP API Timeout
2026-07-22 21:00:56,378 - services.location_service - ERROR - Failed to reverse geocode: OpenStreetMap Network Timeout Error
Traceback (most recent call last):
  File "/Users/steady/.openclaw/workspace/info_waves/services/location_service.py", line 32, in _cached_get_neighborhood
    resp = _session.get(url, headers=headers, params=params, timeout=5)
  File "/Library/Frameworks/Python.framework/Versions/3.10/lib/python3.10/unittest/mock.py", line 1104, in __call__
    return self._mock_call(*args, **kwargs)
  File "/Library/Frameworks/Python.framework/Versions/3.10/lib/python3.10/unittest/mock.py", line 1108, in _mock_call
    return self._execute_mock_call(*args, **kwargs)
  File "/Library/Frameworks/Python.framework/Versions/3.10/lib/python3.10/unittest/mock.py", line 1163, in _execute_mock_call
    raise effect
Exception: OpenStreetMap Network Timeout Error
2026-07-22 21:00:56,383 - services.location_service - WARNING - Failed to fetch IP-based location (Timeout/Network): IP API Timeout
2026-07-22 21:01:07,961 - main - INFO - 글로벌(위치 무관) 데이터 스크래핑을 시작합니다...
2026-07-22 21:01:11,181 - services.location_service - INFO - 📍 IP-based Location: 37.5332, 126.9692
2026-07-22 21:01:11,199 - main - INFO - 글로벌(위치 무관) 데이터 스크래핑을 시작합니다...
2026-07-22 21:01:13,165 - services.location_service - INFO - 📍 IP-based Location: 37.5332, 126.9692
2026-07-22 21:01:13,173 - services.location_service - ERROR - Failed to reverse geocode: OpenStreetMap Network Timeout Error
Traceback (most recent call last):
  File "/Users/steady/.openclaw/workspace/info_waves/services/location_service.py", line 32, in _cached_get_neighborhood
    resp = _session.get(url, headers=headers, params=params, timeout=5)
  File "/Library/Frameworks/Python.framework/Versions/3.10/lib/python3.10/unittest/mock.py", line 1104, in __call__
    return self._mock_call(*args, **kwargs)
  File "/Library/Frameworks/Python.framework/Versions/3.10/lib/python3.10/unittest/mock.py", line 1108, in _mock_call
    return self._execute_mock_call(*args, **kwargs)
  File "/Library/Frameworks/Python.framework/Versions/3.10/lib/python3.10/unittest/mock.py", line 1163, in _execute_mock_call
    raise effect
Exception: OpenStreetMap Network Timeout Error
2026-07-22 21:01:13,177 - services.location_service - WARNING - Failed to fetch IP-based location (Timeout/Network): IP API Timeout
2026-07-22 21:01:24,024 - main - INFO - 글로벌(위치 무관) 데이터 스크래핑을 시작합니다...
2026-07-22 21:01:24,027 - main - INFO - 로컬(위치 기반) 데이터 역매핑을 시작합니다 (좌표: 37.36066, 126.92819, 반경: 3.0km)...
2026-07-22 21:01:24,048 - main - INFO - 로컬(위치 기반) 데이터 역매핑을 시작합니다 (좌표: 37.36066, 126.92819, 반경: 3.0km)...
2026-07-22 21:01:24,366 - services.location_service - INFO - OpenStreetMap Reverse Geocoding: 37.361, 126.928 -> 산본2동
2026-07-22 21:01:24,374 - services.location_service - INFO - OpenStreetMap Reverse Geocoding: 37.36, 126.928 -> 산본동
2026-07-22 21:01:24,392 - main - INFO - 로컬(위치 기반) 데이터 역매핑을 시작합니다 (좌표: 37.36066, 126.92819, 반경: 3.0km)...
2026-07-22 21:01:24,449 - main - INFO - 로컬(위치 기반) 데이터 역매핑을 시작합니다 (좌표: 37.36066, 126.92819, 반경: 3.0km)...
2026-07-22 21:01:24,518 - main - INFO - 로컬(위치 기반) 데이터 역매핑을 시작합니다 (좌표: 37.36066, 126.92819, 반경: 3.0km)...
2026-07-22 21:01:24,519 - main - INFO - 로컬(위치 기반) 데이터 역매핑을 시작합니다 (좌표: 37.36066, 126.92819, 반경: 3.0km)...
2026-07-22 21:01:24,520 - main - INFO - 로컬(위치 기반) 데이터 역매핑을 시작합니다 (좌표: 37.36066, 126.92819, 반경: 3.0km)...
2026-07-22 21:01:24,521 - main - INFO - 로컬(위치 기반) 데이터 역매핑을 시작합니다 (좌표: 37.36066, 126.92819, 반경: 3.0km)...
2026-07-22 21:01:24,523 - services.location_service - ERROR - Failed to search place 강남역: Kakao Map API Network Timeout
Traceback (most recent call last):
  File "/Users/steady/.openclaw/workspace/info_waves/services/location_service.py", line 161, in search_place
    resp = _session.get(url, headers=headers, timeout=5)
  File "/Library/Frameworks/Python.framework/Versions/3.10/lib/python3.10/unittest/mock.py", line 1104, in __call__
    return self._mock_call(*args, **kwargs)
  File "/Library/Frameworks/Python.framework/Versions/3.10/lib/python3.10/unittest/mock.py", line 1108, in _mock_call
    return self._execute_mock_call(*args, **kwargs)
  File "/Library/Frameworks/Python.framework/Versions/3.10/lib/python3.10/unittest/mock.py", line 1163, in _execute_mock_call
    raise effect
Exception: Kakao Map API Network Timeout
2026-07-22 21:01:26,115 - main - INFO - 글로벌(위치 무관) 데이터 스크래핑을 시작합니다...
2026-07-22 21:01:28,264 - services.location_service - INFO - 📍 IP-based Location: 37.5332, 126.9692
2026-07-22 21:01:28,280 - main - INFO - 글로벌(위치 무관) 데이터 스크래핑을 시작합니다...
2026-07-22 21:01:30,040 - services.location_service - INFO - 📍 IP-based Location: 37.5332, 126.9692
2026-07-22 21:01:30,045 - services.location_service - ERROR - Failed to reverse geocode: OpenStreetMap Network Timeout Error
Traceback (most recent call last):
  File "/Users/steady/.openclaw/workspace/info_waves/services/location_service.py", line 32, in _cached_get_neighborhood
    resp = _session.get(url, headers=headers, params=params, timeout=5)
  File "/Library/Frameworks/Python.framework/Versions/3.10/lib/python3.10/unittest/mock.py", line 1104, in __call__
    return self._mock_call(*args, **kwargs)
  File "/Library/Frameworks/Python.framework/Versions/3.10/lib/python3.10/unittest/mock.py", line 1108, in _mock_call
    return self._execute_mock_call(*args, **kwargs)
  File "/Library/Frameworks/Python.framework/Versions/3.10/lib/python3.10/unittest/mock.py", line 1163, in _execute_mock_call
    raise effect
Exception: OpenStreetMap Network Timeout Error
2026-07-22 21:01:30,052 - services.location_service - WARNING - Failed to fetch IP-based location (Timeout/Network): IP API Timeout
2026-07-22 21:01:46,877 - main - INFO - 글로벌(위치 무관) 데이터 스크래핑을 시작합니다...
2026-07-22 21:01:46,880 - main - INFO - 로컬(위치 기반) 데이터 역매핑을 시작합니다 (좌표: 37.36066, 126.92819, 반경: 3.0km)...
2026-07-22 21:01:46,902 - main - INFO - 로컬(위치 기반) 데이터 역매핑을 시작합니다 (좌표: 37.36066, 126.92819, 반경: 3.0km)...
2026-07-22 21:01:47,051 - services.location_service - INFO - OpenStreetMap Reverse Geocoding: 37.361, 126.928 -> 산본2동
2026-07-22 21:01:47,057 - services.location_service - INFO - OpenStreetMap Reverse Geocoding: 37.36, 126.928 -> 산본동
2026-07-22 21:01:47,069 - main - INFO - 로컬(위치 기반) 데이터 역매핑을 시작합니다 (좌표: 37.36066, 126.92819, 반경: 3.0km)...
2026-07-22 21:01:47,129 - main - INFO - 로컬(위치 기반) 데이터 역매핑을 시작합니다 (좌표: 37.36066, 126.92819, 반경: 3.0km)...
2026-07-22 21:01:47,194 - main - INFO - 로컬(위치 기반) 데이터 역매핑을 시작합니다 (좌표: 37.36066, 126.92819, 반경: 3.0km)...
2026-07-22 21:01:47,196 - main - INFO - 로컬(위치 기반) 데이터 역매핑을 시작합니다 (좌표: 37.36066, 126.92819, 반경: 3.0km)...
2026-07-22 21:01:47,196 - main - INFO - 로컬(위치 기반) 데이터 역매핑을 시작합니다 (좌표: 37.36066, 126.92819, 반경: 3.0km)...
2026-07-22 21:01:47,197 - main - INFO - 로컬(위치 기반) 데이터 역매핑을 시작합니다 (좌표: 37.36066, 126.92819, 반경: 3.0km)...
2026-07-22 21:01:47,199 - services.location_service - ERROR - Failed to search place 강남역: Kakao Map API Network Timeout
Traceback (most recent call last):
  File "/Users/steady/.openclaw/workspace/info_waves/services/location_service.py", line 161, in search_place
    resp = _session.get(url, headers=headers, timeout=5)
  File "/Library/Frameworks/Python.framework/Versions/3.10/lib/python3.10/unittest/mock.py", line 1104, in __call__
    return self._mock_call(*args, **kwargs)
  File "/Library/Frameworks/Python.framework/Versions/3.10/lib/python3.10/unittest/mock.py", line 1108, in _mock_call
    return self._execute_mock_call(*args, **kwargs)
  File "/Library/Frameworks/Python.framework/Versions/3.10/lib/python3.10/unittest/mock.py", line 1163, in _execute_mock_call
    raise effect
Exception: Kakao Map API Network Timeout
2026-07-22 21:04:30,309 - services.location_service - INFO - 📍 IP-based Location: 37.5332, 126.9692
2026-07-22 21:04:31,174 - services.location_service - INFO - 📍 IP-based Location: 37.5332, 126.9692
2026-07-22 21:04:31,176 - app - INFO - 📍 Device Real Location Initialized: 37.360627, 126.920308
2026-07-22 21:04:31,722 - services.location_service - INFO - 📍 IP-based Location: 37.5332, 126.9692
2026-07-22 21:04:36,036 - services.location_service - INFO - 📍 IP-based Location: 37.5332, 126.9692
2026-07-22 21:04:36,060 - app - INFO - [MAP_CLICK_PROCESS] Updating location base to (37.363881, 126.933975)
2026-07-22 21:04:36,577 - services.location_service - INFO - 📍 IP-based Location: 37.5332, 126.9692
2026-07-22 21:04:40,022 - services.location_service - INFO - 📍 IP-based Location: 37.5332, 126.9692
2026-07-22 21:04:42,466 - services.location_service - INFO - 📍 IP-based Location: 37.5332, 126.9692
2026-07-22 21:04:42,490 - main - INFO - 로컬(위치 기반) 데이터 역매핑을 시작합니다 (좌표: 37.36388, 126.93398, 반경: 0.5km)...
2026-07-22 21:04:43,681 - services.location_service - INFO - OpenStreetMap Reverse Geocoding: 37.364, 126.934 -> 금정동
2026-07-22 21:04:59,375 - services.location_service - INFO - 📍 IP-based Location: 37.5332, 126.9692
2026-07-22 21:06:15,700 - main - INFO - 글로벌(위치 무관) 데이터 스크래핑을 시작합니다...
2026-07-22 21:06:18,722 - services.location_service - INFO - 📍 IP-based Location: 37.5332, 126.9692
2026-07-22 21:06:18,740 - main - INFO - 글로벌(위치 무관) 데이터 스크래핑을 시작합니다...
2026-07-22 21:06:20,558 - services.location_service - INFO - 📍 IP-based Location: 37.5332, 126.9692
2026-07-22 21:06:20,565 - services.location_service - ERROR - Failed to reverse geocode: OpenStreetMap Network Timeout Error
Traceback (most recent call last):
  File "/Users/steady/.openclaw/workspace/info_waves/services/location_service.py", line 32, in _cached_get_neighborhood
    resp = _session.get(url, headers=headers, params=params, timeout=5)
  File "/Library/Frameworks/Python.framework/Versions/3.10/lib/python3.10/unittest/mock.py", line 1104, in __call__
    return self._mock_call(*args, **kwargs)
  File "/Library/Frameworks/Python.framework/Versions/3.10/lib/python3.10/unittest/mock.py", line 1108, in _mock_call
    return self._execute_mock_call(*args, **kwargs)
  File "/Library/Frameworks/Python.framework/Versions/3.10/lib/python3.10/unittest/mock.py", line 1163, in _execute_mock_call
    raise effect
Exception: OpenStreetMap Network Timeout Error
2026-07-22 21:06:20,570 - services.location_service - WARNING - Failed to fetch IP-based location (Timeout/Network): IP API Timeout
2026-07-22 21:06:29,771 - main - INFO - 글로벌(위치 무관) 데이터 스크래핑을 시작합니다...
2026-07-22 21:06:29,773 - main - INFO - 로컬(위치 기반) 데이터 역매핑을 시작합니다 (좌표: 37.36066, 126.92819, 반경: 3.0km)...
2026-07-22 21:06:29,800 - main - INFO - 로컬(위치 기반) 데이터 역매핑을 시작합니다 (좌표: 37.36066, 126.92819, 반경: 3.0km)...
2026-07-22 21:06:30,560 - services.location_service - INFO - OpenStreetMap Reverse Geocoding: 37.361, 126.928 -> 산본2동
2026-07-22 21:06:30,569 - services.location_service - INFO - OpenStreetMap Reverse Geocoding: 37.36, 126.928 -> 산본동
2026-07-22 21:06:30,583 - main - INFO - 로컬(위치 기반) 데이터 역매핑을 시작합니다 (좌표: 37.36066, 126.92819, 반경: 3.0km)...
2026-07-22 21:06:30,648 - main - INFO - 로컬(위치 기반) 데이터 역매핑을 시작합니다 (좌표: 37.36066, 126.92819, 반경: 3.0km)...
2026-07-22 21:06:30,649 - main - INFO - 로컬(위치 기반) 데이터 역매핑을 시작합니다 (좌표: 37.36066, 126.92819, 반경: 3.0km)...
2026-07-22 21:06:30,650 - main - INFO - 로컬(위치 기반) 데이터 역매핑을 시작합니다 (좌표: 37.36066, 126.92819, 반경: 3.0km)...
2026-07-22 21:06:30,650 - main - INFO - 로컬(위치 기반) 데이터 역매핑을 시작합니다 (좌표: 37.36066, 126.92819, 반경: 3.0km)...
2026-07-22 21:06:30,650 - main - INFO - 로컬(위치 기반) 데이터 역매핑을 시작합니다 (좌표: 37.36066, 126.92819, 반경: 3.0km)...
2026-07-22 21:06:30,652 - services.location_service - ERROR - Failed to search place 강남역: Kakao Map API Network Timeout
Traceback (most recent call last):
  File "/Users/steady/.openclaw/workspace/info_waves/services/location_service.py", line 161, in search_place
    resp = _session.get(url, headers=headers, timeout=5)
  File "/Library/Frameworks/Python.framework/Versions/3.10/lib/python3.10/unittest/mock.py", line 1104, in __call__
    return self._mock_call(*args, **kwargs)
  File "/Library/Frameworks/Python.framework/Versions/3.10/lib/python3.10/unittest/mock.py", line 1108, in _mock_call
    return self._execute_mock_call(*args, **kwargs)
  File "/Library/Frameworks/Python.framework/Versions/3.10/lib/python3.10/unittest/mock.py", line 1163, in _execute_mock_call
    raise effect
Exception: Kakao Map API Network Timeout
2026-07-22 21:06:32,954 - main - INFO - 글로벌(위치 무관) 데이터 스크래핑을 시작합니다...
2026-07-22 21:06:34,880 - services.location_service - INFO - 📍 IP-based Location: 37.5332, 126.9692
2026-07-22 21:06:34,896 - main - INFO - 글로벌(위치 무관) 데이터 스크래핑을 시작합니다...
2026-07-22 21:06:37,524 - services.location_service - INFO - 📍 IP-based Location: 37.5332, 126.9692
2026-07-22 21:06:37,532 - services.location_service - ERROR - Failed to reverse geocode: OpenStreetMap Network Timeout Error
Traceback (most recent call last):
  File "/Users/steady/.openclaw/workspace/info_waves/services/location_service.py", line 32, in _cached_get_neighborhood
    resp = _session.get(url, headers=headers, params=params, timeout=5)
  File "/Library/Frameworks/Python.framework/Versions/3.10/lib/python3.10/unittest/mock.py", line 1104, in __call__
    return self._mock_call(*args, **kwargs)
  File "/Library/Frameworks/Python.framework/Versions/3.10/lib/python3.10/unittest/mock.py", line 1108, in _mock_call
    return self._execute_mock_call(*args, **kwargs)
  File "/Library/Frameworks/Python.framework/Versions/3.10/lib/python3.10/unittest/mock.py", line 1163, in _execute_mock_call
    raise effect
Exception: OpenStreetMap Network Timeout Error
2026-07-22 21:06:37,536 - services.location_service - WARNING - Failed to fetch IP-based location (Timeout/Network): IP API Timeout
2026-07-22 21:06:49,596 - main - INFO - 글로벌(위치 무관) 데이터 스크래핑을 시작합니다...
2026-07-22 21:06:49,598 - main - INFO - 로컬(위치 기반) 데이터 역매핑을 시작합니다 (좌표: 37.36066, 126.92819, 반경: 3.0km)...
2026-07-22 21:06:49,629 - main - INFO - 로컬(위치 기반) 데이터 역매핑을 시작합니다 (좌표: 37.36066, 126.92819, 반경: 3.0km)...
2026-07-22 21:06:49,783 - services.location_service - INFO - OpenStreetMap Reverse Geocoding: 37.361, 126.928 -> 산본2동
2026-07-22 21:06:49,789 - services.location_service - INFO - OpenStreetMap Reverse Geocoding: 37.36, 126.928 -> 산본동
2026-07-22 21:06:49,807 - main - INFO - 로컬(위치 기반) 데이터 역매핑을 시작합니다 (좌표: 37.36066, 126.92819, 반경: 3.0km)...
2026-07-22 21:06:49,875 - main - INFO - 로컬(위치 기반) 데이터 역매핑을 시작합니다 (좌표: 37.36066, 126.92819, 반경: 3.0km)...
2026-07-22 21:06:49,875 - main - INFO - 로컬(위치 기반) 데이터 역매핑을 시작합니다 (좌표: 37.36066, 126.92819, 반경: 3.0km)...
2026-07-22 21:06:49,876 - main - INFO - 로컬(위치 기반) 데이터 역매핑을 시작합니다 (좌표: 37.36066, 126.92819, 반경: 3.0km)...
2026-07-22 21:06:49,876 - main - INFO - 로컬(위치 기반) 데이터 역매핑을 시작합니다 (좌표: 37.36066, 126.92819, 반경: 3.0km)...
2026-07-22 21:06:49,877 - main - INFO - 로컬(위치 기반) 데이터 역매핑을 시작합니다 (좌표: 37.36066, 126.92819, 반경: 3.0km)...
2026-07-22 21:06:49,879 - services.location_service - ERROR - Failed to search place 강남역: Kakao Map API Network Timeout
Traceback (most recent call last):
  File "/Users/steady/.openclaw/workspace/info_waves/services/location_service.py", line 161, in search_place
    resp = _session.get(url, headers=headers, timeout=5)
  File "/Library/Frameworks/Python.framework/Versions/3.10/lib/python3.10/unittest/mock.py", line 1104, in __call__
    return self._mock_call(*args, **kwargs)
  File "/Library/Frameworks/Python.framework/Versions/3.10/lib/python3.10/unittest/mock.py", line 1108, in _mock_call
    return self._execute_mock_call(*args, **kwargs)
  File "/Library/Frameworks/Python.framework/Versions/3.10/lib/python3.10/unittest/mock.py", line 1163, in _execute_mock_call
    raise effect
Exception: Kakao Map API Network Timeout
2026-07-22 21:07:01,624 - main - INFO - 글로벌(위치 무관) 데이터 스크래핑을 시작합니다...
2026-07-22 21:07:03,504 - services.location_service - INFO - 📍 IP-based Location: 37.5332, 126.9692
2026-07-22 21:07:03,520 - main - INFO - 글로벌(위치 무관) 데이터 스크래핑을 시작합니다...
2026-07-22 21:07:05,560 - services.location_service - INFO - 📍 IP-based Location: 37.5332, 126.9692
2026-07-22 21:07:05,569 - services.location_service - ERROR - Failed to reverse geocode: OpenStreetMap Network Timeout Error
Traceback (most recent call last):
  File "/Users/steady/.openclaw/workspace/info_waves/services/location_service.py", line 32, in _cached_get_neighborhood
    resp = _session.get(url, headers=headers, params=params, timeout=5)
  File "/Library/Frameworks/Python.framework/Versions/3.10/lib/python3.10/unittest/mock.py", line 1104, in __call__
    return self._mock_call(*args, **kwargs)
  File "/Library/Frameworks/Python.framework/Versions/3.10/lib/python3.10/unittest/mock.py", line 1108, in _mock_call
    return self._execute_mock_call(*args, **kwargs)
  File "/Library/Frameworks/Python.framework/Versions/3.10/lib/python3.10/unittest/mock.py", line 1163, in _execute_mock_call
    raise effect
Exception: OpenStreetMap Network Timeout Error
2026-07-22 21:07:05,572 - services.location_service - WARNING - Failed to fetch IP-based location (Timeout/Network): IP API Timeout
2026-07-22 21:07:14,433 - main - INFO - 글로벌(위치 무관) 데이터 스크래핑을 시작합니다...
2026-07-22 21:07:14,436 - main - INFO - 로컬(위치 기반) 데이터 역매핑을 시작합니다 (좌표: 37.36066, 126.92819, 반경: 3.0km)...
2026-07-22 21:07:14,506 - main - INFO - 로컬(위치 기반) 데이터 역매핑을 시작합니다 (좌표: 37.36066, 126.92819, 반경: 3.0km)...
2026-07-22 21:07:14,989 - services.location_service - INFO - OpenStreetMap Reverse Geocoding: 37.361, 126.928 -> 산본2동
2026-07-22 21:07:14,997 - services.location_service - INFO - OpenStreetMap Reverse Geocoding: 37.36, 126.928 -> 산본동
2026-07-22 21:07:15,009 - main - INFO - 로컬(위치 기반) 데이터 역매핑을 시작합니다 (좌표: 37.36066, 126.92819, 반경: 3.0km)...
2026-07-22 21:07:15,115 - main - INFO - 로컬(위치 기반) 데이터 역매핑을 시작합니다 (좌표: 37.36066, 126.92819, 반경: 3.0km)...
2026-07-22 21:07:15,115 - main - INFO - 로컬(위치 기반) 데이터 역매핑을 시작합니다 (좌표: 37.36066, 126.92819, 반경: 3.0km)...
2026-07-22 21:07:15,116 - main - INFO - 로컬(위치 기반) 데이터 역매핑을 시작합니다 (좌표: 37.36066, 126.92819, 반경: 3.0km)...
2026-07-22 21:07:15,116 - main - INFO - 로컬(위치 기반) 데이터 역매핑을 시작합니다 (좌표: 37.36066, 126.92819, 반경: 3.0km)...
2026-07-22 21:07:15,117 - main - INFO - 로컬(위치 기반) 데이터 역매핑을 시작합니다 (좌표: 37.36066, 126.92819, 반경: 3.0km)...
2026-07-22 21:07:15,118 - services.location_service - ERROR - Failed to search place 강남역: Kakao Map API Network Timeout
Traceback (most recent call last):
  File "/Users/steady/.openclaw/workspace/info_waves/services/location_service.py", line 161, in search_place
    resp = _session.get(url, headers=headers, timeout=5)
  File "/Library/Frameworks/Python.framework/Versions/3.10/lib/python3.10/unittest/mock.py", line 1104, in __call__
    return self._mock_call(*args, **kwargs)
  File "/Library/Frameworks/Python.framework/Versions/3.10/lib/python3.10/unittest/mock.py", line 1108, in _mock_call
    return self._execute_mock_call(*args, **kwargs)
  File "/Library/Frameworks/Python.framework/Versions/3.10/lib/python3.10/unittest/mock.py", line 1163, in _execute_mock_call
    raise effect
Exception: Kakao Map API Network Timeout
2026-07-22 21:07:39,258 - services.location_service - INFO - 📍 IP-based Location: 37.5332, 126.9692
2026-07-22 21:07:40,010 - services.location_service - INFO - 📍 IP-based Location: 37.5332, 126.9692
2026-07-22 21:07:40,012 - app - INFO - 📍 Device Real Location Initialized: 37.360574, 126.920374
2026-07-22 21:07:41,195 - services.location_service - INFO - 📍 IP-based Location: 37.5332, 126.9692
2026-07-22 21:08:06,509 - services.location_service - INFO - 📍 IP-based Location: 37.5332, 126.9692
2026-07-22 21:08:10,151 - services.location_service - INFO - 📍 IP-based Location: 37.5332, 126.9692
2026-07-22 21:08:55,806 - services.location_service - INFO - 📍 IP-based Location: 37.5332, 126.9692
2026-07-22 21:08:57,072 - services.location_service - INFO - 📍 IP-based Location: 37.5332, 126.9692
2026-07-22 21:08:57,075 - app - INFO - 📍 Device Real Location Initialized: 37.360598, 126.920342
2026-07-22 21:08:58,088 - services.location_service - INFO - 📍 IP-based Location: 37.5332, 126.9692
2026-07-22 21:12:02,503 - main - INFO - 글로벌(위치 무관) 데이터 스크래핑을 시작합니다...
2026-07-22 21:12:07,222 - services.location_service - INFO - 📍 IP-based Location: 37.5332, 126.9692
2026-07-22 21:12:07,247 - main - INFO - 로컬(위치 기반) 데이터 역매핑을 시작합니다 (좌표: 37.3606, 126.92034, 반경: 3.0km)...
2026-07-22 21:12:07,727 - services.location_service - INFO - OpenStreetMap Reverse Geocoding: 37.361, 126.92 -> 산본2동
2026-07-22 21:12:23,164 - services.location_service - INFO - 📍 IP-based Location: 37.5332, 126.9692
2026-07-22 21:12:38,088 - services.location_service - INFO - 📍 IP-based Location: 37.5332, 126.9692
2026-07-22 21:12:46,700 - services.location_service - INFO - 📍 IP-based Location: 37.5332, 126.9692
2026-07-22 21:12:46,761 - services.location_service - INFO - 📍 IP-based Location: 37.5332, 126.9692
2026-07-22 21:12:54,204 - services.location_service - INFO - 📍 IP-based Location: 37.5332, 126.9692
2026-07-22 21:12:55,126 - app - INFO - [MAP_CLICK_PROCESS] Updating location base to (37.355285, 126.915758)
2026-07-22 21:12:55,647 - services.location_service - INFO - 📍 IP-based Location: 37.5332, 126.9692
2026-07-22 21:13:00,165 - services.location_service - INFO - 📍 IP-based Location: 37.5332, 126.9692
2026-07-22 21:13:04,222 - services.location_service - INFO - 📍 IP-based Location: 37.5332, 126.9692
2026-07-22 21:13:04,248 - app - INFO - [MAP_CLICK_PROCESS] Updating location base to (37.350407, 126.913784)
2026-07-22 21:13:05,935 - services.location_service - INFO - 📍 IP-based Location: 37.5332, 126.9692
2026-07-22 21:14:03,518 - services.location_service - INFO - OpenStreetMap Reverse Geocoding: 35.158, 129.059 -> 범전동
2026-07-22 21:14:03,997 - services.location_service - INFO - OpenStreetMap Reverse Geocoding: 35.871, 128.594 -> 동일동
2026-07-22 21:14:08,706 - services.location_service - INFO - OpenStreetMap Reverse Geocoding: 35.158, 129.059 -> 범전동
2026-07-22 21:17:03,876 - services.location_service - INFO - OpenStreetMap Reverse Geocoding: 37.498, 127.028 -> 역삼1동
2026-07-22 21:17:10,989 - services.location_service - INFO - OpenStreetMap Reverse Geocoding: 37.522, 126.924 -> 여의도동
2026-07-22 21:17:11,506 - services.location_service - INFO - OpenStreetMap Reverse Geocoding: 37.557, 126.924 -> 동교동
2026-07-22 21:17:18,863 - services.location_service - INFO - OpenStreetMap Reverse Geocoding: 37.36, 126.92 -> 산본2동
2026-07-22 21:17:19,751 - services.location_service - INFO - OpenStreetMap Reverse Geocoding: 37.395, 127.111 -> 백현동
2026-07-22 21:17:20,611 - services.location_service - INFO - OpenStreetMap Reverse Geocoding: 37.498, 127.028 -> 역삼1동
2026-07-22 21:17:20,666 - services.location_service - INFO - OpenStreetMap Reverse Geocoding: 37.522, 126.924 -> 여의도동
2026-07-22 21:17:20,729 - services.location_service - INFO - OpenStreetMap Reverse Geocoding: 37.557, 126.924 -> 동교동
2026-07-22 21:17:20,786 - services.location_service - INFO - OpenStreetMap Reverse Geocoding: 37.36, 126.92 -> 산본2동
2026-07-22 21:17:20,898 - services.location_service - INFO - OpenStreetMap Reverse Geocoding: 37.395, 127.111 -> 백현동
2026-07-22 21:17:27,500 - services.location_service - INFO - OpenStreetMap Reverse Geocoding: 37.266, 127.0 -> 매산로1가
2026-07-22 21:17:27,500 - services.location_service - INFO - OpenStreetMap Reverse Geocoding: 37.266, 127.0 -> 매산로1가
2026-07-22 21:17:27,744 - services.location_service - INFO - OpenStreetMap Reverse Geocoding: 37.489, 126.725 -> 부평동
2026-07-22 21:17:27,745 - services.location_service - INFO - OpenStreetMap Reverse Geocoding: 37.489, 126.725 -> 부평동
2026-07-22 21:17:27,811 - services.location_service - INFO - OpenStreetMap Reverse Geocoding: 35.158, 129.059 -> 범전동
2026-07-22 21:17:27,811 - services.location_service - INFO - OpenStreetMap Reverse Geocoding: 35.158, 129.059 -> 범전동
2026-07-22 21:17:31,377 - services.location_service - INFO - OpenStreetMap Reverse Geocoding: 35.871, 128.594 -> 동일동
2026-07-22 21:17:31,377 - services.location_service - INFO - OpenStreetMap Reverse Geocoding: 35.871, 128.594 -> 동일동
2026-07-22 21:17:37,434 - services.location_service - INFO - OpenStreetMap Reverse Geocoding: 36.358, 127.382 -> 둔산동
2026-07-22 21:17:37,434 - services.location_service - INFO - OpenStreetMap Reverse Geocoding: 36.358, 127.382 -> 둔산동
2026-07-22 21:17:42,551 - main - INFO - 글로벌(위치 무관) 데이터 스크래핑을 시작합니다...
2026-07-22 21:17:45,933 - services.location_service - INFO - 📍 IP-based Location: 37.5332, 126.9692
2026-07-22 21:17:45,949 - main - INFO - 글로벌(위치 무관) 데이터 스크래핑을 시작합니다...
2026-07-22 21:17:48,287 - services.location_service - INFO - 📍 IP-based Location: 37.5332, 126.9692
2026-07-22 21:17:48,295 - services.location_service - ERROR - Failed to reverse geocode: OpenStreetMap Network Timeout Error
Traceback (most recent call last):
  File "/Users/steady/.openclaw/workspace/info_waves/services/location_service.py", line 32, in _cached_get_neighborhood
    resp = _session.get(url, headers=headers, params=params, timeout=5)
  File "/Library/Frameworks/Python.framework/Versions/3.10/lib/python3.10/unittest/mock.py", line 1104, in __call__
    return self._mock_call(*args, **kwargs)
  File "/Library/Frameworks/Python.framework/Versions/3.10/lib/python3.10/unittest/mock.py", line 1108, in _mock_call
    return self._execute_mock_call(*args, **kwargs)
  File "/Library/Frameworks/Python.framework/Versions/3.10/lib/python3.10/unittest/mock.py", line 1163, in _execute_mock_call
    raise effect
Exception: OpenStreetMap Network Timeout Error
2026-07-22 21:17:48,303 - services.location_service - WARNING - Failed to fetch IP-based location (Timeout/Network): IP API Timeout
2026-07-22 21:17:52,496 - main - INFO - 글로벌(위치 무관) 데이터 스크래핑을 시작합니다...
2026-07-22 21:17:52,498 - main - INFO - 로컬(위치 기반) 데이터 역매핑을 시작합니다 (좌표: 37.36066, 126.92819, 반경: 3.0km)...
2026-07-22 21:17:52,635 - services.location_service - INFO - OpenStreetMap Reverse Geocoding: 37.498, 127.028 -> 역삼1동
2026-07-22 21:17:52,695 - services.location_service - INFO - OpenStreetMap Reverse Geocoding: 37.522, 126.924 -> 여의도동
2026-07-22 21:17:52,755 - services.location_service - INFO - OpenStreetMap Reverse Geocoding: 37.557, 126.924 -> 동교동
2026-07-22 21:17:52,804 - services.location_service - INFO - OpenStreetMap Reverse Geocoding: 37.36, 126.92 -> 산본2동
2026-07-22 21:17:52,858 - services.location_service - INFO - OpenStreetMap Reverse Geocoding: 37.395, 127.111 -> 백현동
2026-07-22 21:17:52,922 - services.location_service - INFO - OpenStreetMap Reverse Geocoding: 37.266, 127.0 -> 매산로1가
2026-07-22 21:17:52,975 - services.location_service - INFO - OpenStreetMap Reverse Geocoding: 37.489, 126.725 -> 부평동
2026-07-22 21:17:53,029 - services.location_service - INFO - OpenStreetMap Reverse Geocoding: 35.158, 129.059 -> 범전동
2026-07-22 21:17:53,087 - services.location_service - INFO - OpenStreetMap Reverse Geocoding: 35.871, 128.594 -> 동일동
2026-07-22 21:17:53,147 - services.location_service - INFO - OpenStreetMap Reverse Geocoding: 36.358, 127.382 -> 둔산동
2026-07-22 21:17:53,174 - main - INFO - 로컬(위치 기반) 데이터 역매핑을 시작합니다 (좌표: 37.36066, 126.92819, 반경: 3.0km)...
2026-07-22 21:17:53,226 - services.location_service - INFO - OpenStreetMap Reverse Geocoding: 37.361, 126.928 -> 산본2동
2026-07-22 21:17:53,232 - services.location_service - INFO - OpenStreetMap Reverse Geocoding: 37.36, 126.928 -> 산본동
2026-07-22 21:17:53,297 - main - INFO - 로컬(위치 기반) 데이터 역매핑을 시작합니다 (좌표: 37.36066, 126.92819, 반경: 3.0km)...
2026-07-22 21:17:53,406 - main - INFO - 로컬(위치 기반) 데이터 역매핑을 시작합니다 (좌표: 37.36066, 126.92819, 반경: 3.0km)...
2026-07-22 21:17:53,407 - main - INFO - 로컬(위치 기반) 데이터 역매핑을 시작합니다 (좌표: 37.36066, 126.92819, 반경: 3.0km)...
2026-07-22 21:17:53,407 - main - INFO - 로컬(위치 기반) 데이터 역매핑을 시작합니다 (좌표: 37.36066, 126.92819, 반경: 3.0km)...
2026-07-22 21:17:53,408 - main - INFO - 로컬(위치 기반) 데이터 역매핑을 시작합니다 (좌표: 37.36066, 126.92819, 반경: 3.0km)...
2026-07-22 21:17:53,408 - main - INFO - 로컬(위치 기반) 데이터 역매핑을 시작합니다 (좌표: 37.36066, 126.92819, 반경: 3.0km)...
2026-07-22 21:17:53,410 - services.location_service - ERROR - Failed to search place 강남역: Kakao Map API Network Timeout
Traceback (most recent call last):
  File "/Users/steady/.openclaw/workspace/info_waves/services/location_service.py", line 220, in search_place
    resp = _session.get(url, headers=headers, timeout=5)
  File "/Library/Frameworks/Python.framework/Versions/3.10/lib/python3.10/unittest/mock.py", line 1104, in __call__
    return self._mock_call(*args, **kwargs)
  File "/Library/Frameworks/Python.framework/Versions/3.10/lib/python3.10/unittest/mock.py", line 1108, in _mock_call
    return self._execute_mock_call(*args, **kwargs)
  File "/Library/Frameworks/Python.framework/Versions/3.10/lib/python3.10/unittest/mock.py", line 1163, in _execute_mock_call
    raise effect
Exception: Kakao Map API Network Timeout
2026-07-22 21:18:32,487 - services.location_service - INFO - 📍 IP-based Location: 37.5332, 126.9692
2026-07-22 21:18:34,385 - services.location_service - INFO - 📍 IP-based Location: 37.5332, 126.9692
2026-07-22 21:18:34,388 - app - INFO - 📍 Device Real Location Initialized: 37.360676, 126.920225
2026-07-22 21:18:36,118 - services.location_service - INFO - 📍 IP-based Location: 37.5332, 126.9692
2026-07-22 21:18:40,573 - services.location_service - INFO - 📍 IP-based Location: 37.5332, 126.9692
2026-07-22 21:18:40,599 - main - INFO - 로컬(위치 기반) 데이터 역매핑을 시작합니다 (좌표: 37.36068, 126.92023, 반경: 3.0km)...
2026-07-22 21:18:40,996 - services.location_service - INFO - OpenStreetMap Reverse Geocoding: 37.361, 126.92 -> 산본2동
2026-07-22 21:19:00,846 - services.location_service - INFO - 📍 IP-based Location: 37.5332, 126.9692
2026-07-22 21:19:04,674 - main - INFO - 글로벌(위치 무관) 데이터 스크래핑을 시작합니다...
2026-07-22 21:19:07,648 - services.location_service - INFO - 📍 IP-based Location: 37.5332, 126.9692
2026-07-22 21:19:07,668 - main - INFO - 글로벌(위치 무관) 데이터 스크래핑을 시작합니다...
2026-07-22 21:19:09,900 - services.location_service - INFO - 📍 IP-based Location: 37.5332, 126.9692
2026-07-22 21:19:09,910 - services.location_service - ERROR - Failed to reverse geocode: OpenStreetMap Network Timeout Error
Traceback (most recent call last):
  File "/Users/steady/.openclaw/workspace/info_waves/services/location_service.py", line 32, in _cached_get_neighborhood
    resp = _session.get(url, headers=headers, params=params, timeout=5)
  File "/Library/Frameworks/Python.framework/Versions/3.10/lib/python3.10/unittest/mock.py", line 1104, in __call__
    return self._mock_call(*args, **kwargs)
  File "/Library/Frameworks/Python.framework/Versions/3.10/lib/python3.10/unittest/mock.py", line 1108, in _mock_call
    return self._execute_mock_call(*args, **kwargs)
  File "/Library/Frameworks/Python.framework/Versions/3.10/lib/python3.10/unittest/mock.py", line 1163, in _execute_mock_call
    raise effect
Exception: OpenStreetMap Network Timeout Error
2026-07-22 21:19:09,916 - services.location_service - WARNING - Failed to fetch IP-based location (Timeout/Network): IP API Timeout
2026-07-22 21:19:09,928 - main - INFO - 글로벌(위치 무관) 데이터 스크래핑을 시작합니다...
2026-07-22 21:19:09,930 - main - INFO - 로컬(위치 기반) 데이터 역매핑을 시작합니다 (좌표: 37.36066, 126.92819, 반경: 3.0km)...
2026-07-22 21:19:10,083 - services.location_service - INFO - OpenStreetMap Reverse Geocoding: 37.498, 127.028 -> 역삼1동
2026-07-22 21:19:10,137 - services.location_service - INFO - OpenStreetMap Reverse Geocoding: 37.522, 126.924 -> 여의도동
2026-07-22 21:19:10,188 - services.location_service - INFO - OpenStreetMap Reverse Geocoding: 37.557, 126.924 -> 동교동
2026-07-22 21:19:10,238 - services.location_service - INFO - OpenStreetMap Reverse Geocoding: 37.36, 126.92 -> 산본2동
2026-07-22 21:19:10,292 - services.location_service - INFO - OpenStreetMap Reverse Geocoding: 37.395, 127.111 -> 백현동
2026-07-22 21:19:10,358 - services.location_service - INFO - OpenStreetMap Reverse Geocoding: 37.266, 127.0 -> 매산로1가
2026-07-22 21:19:10,426 - services.location_service - INFO - OpenStreetMap Reverse Geocoding: 37.489, 126.725 -> 부평동
2026-07-22 21:19:10,487 - services.location_service - INFO - OpenStreetMap Reverse Geocoding: 35.158, 129.059 -> 범전동
2026-07-22 21:19:10,539 - services.location_service - INFO - OpenStreetMap Reverse Geocoding: 35.871, 128.594 -> 동일동
2026-07-22 21:19:10,591 - services.location_service - INFO - OpenStreetMap Reverse Geocoding: 36.358, 127.382 -> 둔산동
2026-07-22 21:19:10,626 - main - INFO - 로컬(위치 기반) 데이터 역매핑을 시작합니다 (좌표: 37.36066, 126.92819, 반경: 3.0km)...
2026-07-22 21:19:10,675 - services.location_service - INFO - OpenStreetMap Reverse Geocoding: 37.361, 126.928 -> 산본2동
2026-07-22 21:19:10,723 - services.location_service - INFO - OpenStreetMap Reverse Geocoding: 37.36, 126.928 -> 산본동
2026-07-22 21:19:10,735 - main - INFO - 로컬(위치 기반) 데이터 역매핑을 시작합니다 (좌표: 37.36066, 126.92819, 반경: 3.0km)...
2026-07-22 21:19:11,118 - main - INFO - 로컬(위치 기반) 데이터 역매핑을 시작합니다 (좌표: 37.36066, 126.92819, 반경: 3.0km)...
2026-07-22 21:19:11,119 - main - INFO - 로컬(위치 기반) 데이터 역매핑을 시작합니다 (좌표: 37.36066, 126.92819, 반경: 3.0km)...
2026-07-22 21:19:11,119 - main - INFO - 로컬(위치 기반) 데이터 역매핑을 시작합니다 (좌표: 37.36066, 126.92819, 반경: 3.0km)...
2026-07-22 21:19:11,120 - main - INFO - 로컬(위치 기반) 데이터 역매핑을 시작합니다 (좌표: 37.36066, 126.92819, 반경: 3.0km)...
2026-07-22 21:19:11,120 - main - INFO - 로컬(위치 기반) 데이터 역매핑을 시작합니다 (좌표: 37.36066, 126.92819, 반경: 3.0km)...
2026-07-22 21:19:11,121 - services.location_service - ERROR - Failed to search place 강남역: Kakao Map API Network Timeout
Traceback (most recent call last):
  File "/Users/steady/.openclaw/workspace/info_waves/services/location_service.py", line 220, in search_place
    resp = _session.get(url, headers=headers, timeout=5)
  File "/Library/Frameworks/Python.framework/Versions/3.10/lib/python3.10/unittest/mock.py", line 1104, in __call__
    return self._mock_call(*args, **kwargs)
  File "/Library/Frameworks/Python.framework/Versions/3.10/lib/python3.10/unittest/mock.py", line 1108, in _mock_call
    return self._execute_mock_call(*args, **kwargs)
  File "/Library/Frameworks/Python.framework/Versions/3.10/lib/python3.10/unittest/mock.py", line 1163, in _execute_mock_call
    raise effect
Exception: Kakao Map API Network Timeout
2026-07-22 21:19:26,416 - services.location_service - INFO - 📍 IP-based Location: 37.5332, 126.9692
2026-07-22 21:19:27,513 - services.location_service - INFO - 📍 IP-based Location: 37.5332, 126.9692
2026-07-22 21:19:27,515 - app - INFO - 📍 Device Real Location Initialized: 37.360619, 126.920182
2026-07-22 21:19:28,743 - services.location_service - INFO - 📍 IP-based Location: 37.5332, 126.9692
2026-07-22 21:20:56,033 - main - INFO - 글로벌(위치 무관) 데이터 스크래핑을 시작합니다...
2026-07-22 21:20:59,672 - services.location_service - INFO - 📍 IP-based Location: 37.5332, 126.9692
2026-07-22 21:20:59,692 - main - INFO - 글로벌(위치 무관) 데이터 스크래핑을 시작합니다...
2026-07-22 21:21:01,590 - services.location_service - INFO - 📍 IP-based Location: 37.5332, 126.9692
2026-07-22 21:21:01,599 - services.location_service - ERROR - Failed to reverse geocode: OpenStreetMap Network Timeout Error
Traceback (most recent call last):
  File "/Users/steady/.openclaw/workspace/info_waves/services/location_service.py", line 32, in _cached_get_neighborhood
    resp = _session.get(url, headers=headers, params=params, timeout=5)
  File "/Library/Frameworks/Python.framework/Versions/3.10/lib/python3.10/unittest/mock.py", line 1104, in __call__
    return self._mock_call(*args, **kwargs)
  File "/Library/Frameworks/Python.framework/Versions/3.10/lib/python3.10/unittest/mock.py", line 1108, in _mock_call
    return self._execute_mock_call(*args, **kwargs)
  File "/Library/Frameworks/Python.framework/Versions/3.10/lib/python3.10/unittest/mock.py", line 1163, in _execute_mock_call
    raise effect
Exception: OpenStreetMap Network Timeout Error
2026-07-22 21:21:01,605 - services.location_service - WARNING - Failed to fetch IP-based location (Timeout/Network): IP API Timeout
2026-07-22 21:21:01,615 - main - INFO - 글로벌(위치 무관) 데이터 스크래핑을 시작합니다...
2026-07-22 21:21:01,617 - main - INFO - 로컬(위치 기반) 데이터 역매핑을 시작합니다 (좌표: 37.36066, 126.92819, 반경: 3.0km)...
2026-07-22 21:21:02,080 - services.location_service - INFO - OpenStreetMap Reverse Geocoding: 37.498, 127.028 -> 역삼1동
2026-07-22 21:21:02,139 - services.location_service - INFO - OpenStreetMap Reverse Geocoding: 37.522, 126.924 -> 여의도동
2026-07-22 21:21:02,192 - services.location_service - INFO - OpenStreetMap Reverse Geocoding: 37.557, 126.924 -> 동교동
2026-07-22 21:21:02,256 - services.location_service - INFO - OpenStreetMap Reverse Geocoding: 37.36, 126.92 -> 산본2동
2026-07-22 21:21:02,316 - services.location_service - INFO - OpenStreetMap Reverse Geocoding: 37.395, 127.111 -> 백현동
2026-07-22 21:21:02,368 - services.location_service - INFO - OpenStreetMap Reverse Geocoding: 37.266, 127.0 -> 매산로1가
2026-07-22 21:21:02,420 - services.location_service - INFO - OpenStreetMap Reverse Geocoding: 37.489, 126.725 -> 부평동
2026-07-22 21:21:02,477 - services.location_service - INFO - OpenStreetMap Reverse Geocoding: 35.158, 129.059 -> 범전동
2026-07-22 21:21:02,554 - services.location_service - INFO - OpenStreetMap Reverse Geocoding: 35.871, 128.594 -> 동일동
2026-07-22 21:21:02,614 - services.location_service - INFO - OpenStreetMap Reverse Geocoding: 36.358, 127.382 -> 둔산동
2026-07-22 21:21:02,642 - main - INFO - 로컬(위치 기반) 데이터 역매핑을 시작합니다 (좌표: 37.36066, 126.92819, 반경: 3.0km)...
2026-07-22 21:21:02,710 - services.location_service - INFO - OpenStreetMap Reverse Geocoding: 37.361, 126.928 -> 산본2동
2026-07-22 21:21:02,716 - services.location_service - INFO - OpenStreetMap Reverse Geocoding: 37.36, 126.928 -> 산본동
2026-07-22 21:21:02,773 - main - INFO - 로컬(위치 기반) 데이터 역매핑을 시작합니다 (좌표: 37.36066, 126.92819, 반경: 3.0km)...
2026-07-22 21:21:03,153 - main - INFO - 로컬(위치 기반) 데이터 역매핑을 시작합니다 (좌표: 37.36066, 126.92819, 반경: 3.0km)...
2026-07-22 21:21:03,154 - main - INFO - 로컬(위치 기반) 데이터 역매핑을 시작합니다 (좌표: 37.36066, 126.92819, 반경: 3.0km)...
2026-07-22 21:21:03,155 - main - INFO - 로컬(위치 기반) 데이터 역매핑을 시작합니다 (좌표: 37.36066, 126.92819, 반경: 3.0km)...
2026-07-22 21:21:03,155 - main - INFO - 로컬(위치 기반) 데이터 역매핑을 시작합니다 (좌표: 37.36066, 126.92819, 반경: 3.0km)...
2026-07-22 21:21:03,156 - main - INFO - 로컬(위치 기반) 데이터 역매핑을 시작합니다 (좌표: 37.36066, 126.92819, 반경: 3.0km)...
2026-07-22 21:21:03,157 - services.location_service - ERROR - Failed to search place 강남역: Kakao Map API Network Timeout
Traceback (most recent call last):
  File "/Users/steady/.openclaw/workspace/info_waves/services/location_service.py", line 220, in search_place
    resp = _session.get(url, headers=headers, timeout=5)
  File "/Library/Frameworks/Python.framework/Versions/3.10/lib/python3.10/unittest/mock.py", line 1104, in __call__
    return self._mock_call(*args, **kwargs)
  File "/Library/Frameworks/Python.framework/Versions/3.10/lib/python3.10/unittest/mock.py", line 1108, in _mock_call
    return self._execute_mock_call(*args, **kwargs)
  File "/Library/Frameworks/Python.framework/Versions/3.10/lib/python3.10/unittest/mock.py", line 1163, in _execute_mock_call
    raise effect
Exception: Kakao Map API Network Timeout
2026-07-22 21:21:58,637 - services.location_service - INFO - 📍 IP-based Location: 37.5332, 126.9692
2026-07-22 21:21:59,714 - services.location_service - INFO - 📍 IP-based Location: 37.5332, 126.9692
2026-07-22 21:21:59,715 - app - INFO - 📍 Device Real Location Initialized: 37.360616, 126.920264
2026-07-22 21:22:00,382 - services.location_service - INFO - 📍 IP-based Location: 37.5332, 126.9692
2026-07-22 21:22:17,406 - main - INFO - 글로벌(위치 무관) 데이터 스크래핑을 시작합니다...
2026-07-22 21:22:19,645 - services.location_service - INFO - 📍 IP-based Location: 37.5332, 126.9692
2026-07-22 21:22:20,591 - services.location_service - INFO - 📍 IP-based Location: 37.5332, 126.9692
2026-07-22 21:22:20,593 - app - INFO - 📍 Device Real Location Initialized: 37.360554, 126.920431
2026-07-22 21:22:21,146 - services.location_service - INFO - 📍 IP-based Location: 37.5332, 126.9692
2026-07-22 21:23:33,376 - main - INFO - 글로벌(위치 무관) 데이터 스크래핑을 시작합니다...
2026-07-22 21:23:40,488 - services.location_service - INFO - 📍 IP-based Location: 37.5332, 126.9692
2026-07-22 21:23:40,508 - main - INFO - 글로벌(위치 무관) 데이터 스크래핑을 시작합니다...
2026-07-22 21:23:44,211 - services.location_service - INFO - 📍 IP-based Location: 37.5332, 126.9692
2026-07-22 21:23:44,221 - services.location_service - ERROR - Failed to reverse geocode: OpenStreetMap Network Timeout Error
Traceback (most recent call last):
  File "/Users/steady/.openclaw/workspace/info_waves/services/location_service.py", line 32, in _cached_get_neighborhood
    resp = _session.get(url, headers=headers, params=params, timeout=5)
  File "/Library/Frameworks/Python.framework/Versions/3.10/lib/python3.10/unittest/mock.py", line 1104, in __call__
    return self._mock_call(*args, **kwargs)
  File "/Library/Frameworks/Python.framework/Versions/3.10/lib/python3.10/unittest/mock.py", line 1108, in _mock_call
    return self._execute_mock_call(*args, **kwargs)
  File "/Library/Frameworks/Python.framework/Versions/3.10/lib/python3.10/unittest/mock.py", line 1163, in _execute_mock_call
    raise effect
Exception: OpenStreetMap Network Timeout Error
2026-07-22 21:23:44,226 - services.location_service - WARNING - Failed to fetch IP-based location (Timeout/Network): IP API Timeout
2026-07-22 21:23:44,235 - main - INFO - 글로벌(위치 무관) 데이터 스크래핑을 시작합니다...
2026-07-22 21:23:44,237 - main - INFO - 로컬(위치 기반) 데이터 역매핑을 시작합니다 (좌표: 37.36066, 126.92819, 반경: 3.0km)...
2026-07-22 21:23:44,592 - services.location_service - INFO - OpenStreetMap Reverse Geocoding: 37.498, 127.028 -> 역삼1동
2026-07-22 21:23:44,760 - services.location_service - INFO - OpenStreetMap Reverse Geocoding: 37.522, 126.924 -> 여의도동
2026-07-22 21:23:44,827 - services.location_service - INFO - OpenStreetMap Reverse Geocoding: 37.557, 126.924 -> 동교동
2026-07-22 21:23:44,930 - services.location_service - INFO - OpenStreetMap Reverse Geocoding: 37.36, 126.92 -> 산본2동
2026-07-22 21:23:45,013 - services.location_service - INFO - OpenStreetMap Reverse Geocoding: 37.395, 127.111 -> 백현동
2026-07-22 21:23:45,091 - services.location_service - INFO - OpenStreetMap Reverse Geocoding: 37.266, 127.0 -> 매산로1가
2026-07-22 21:23:45,151 - services.location_service - INFO - OpenStreetMap Reverse Geocoding: 37.489, 126.725 -> 부평동
2026-07-22 21:23:45,207 - services.location_service - INFO - OpenStreetMap Reverse Geocoding: 35.158, 129.059 -> 범전동
2026-07-22 21:23:45,264 - services.location_service - INFO - OpenStreetMap Reverse Geocoding: 35.871, 128.594 -> 동일동
2026-07-22 21:23:45,324 - services.location_service - INFO - OpenStreetMap Reverse Geocoding: 36.358, 127.382 -> 둔산동
2026-07-22 21:23:45,411 - main - INFO - 로컬(위치 기반) 데이터 역매핑을 시작합니다 (좌표: 37.36066, 126.92819, 반경: 3.0km)...
2026-07-22 21:23:45,504 - services.location_service - INFO - OpenStreetMap Reverse Geocoding: 37.361, 126.928 -> 산본2동
2026-07-22 21:23:45,609 - services.location_service - INFO - OpenStreetMap Reverse Geocoding: 37.36, 126.928 -> 산본동
2026-07-22 21:23:45,636 - main - INFO - 로컬(위치 기반) 데이터 역매핑을 시작합니다 (좌표: 37.36066, 126.92819, 반경: 3.0km)...
2026-07-22 21:23:50,825 - main - INFO - 로컬(위치 기반) 데이터 역매핑을 시작합니다 (좌표: 37.36066, 126.92819, 반경: 3.0km)...
2026-07-22 21:23:50,826 - main - INFO - 로컬(위치 기반) 데이터 역매핑을 시작합니다 (좌표: 37.36066, 126.92819, 반경: 3.0km)...
2026-07-22 21:23:50,827 - main - INFO - 로컬(위치 기반) 데이터 역매핑을 시작합니다 (좌표: 37.36066, 126.92819, 반경: 3.0km)...
2026-07-22 21:23:50,828 - main - INFO - 로컬(위치 기반) 데이터 역매핑을 시작합니다 (좌표: 37.36066, 126.92819, 반경: 3.0km)...
2026-07-22 21:23:50,829 - main - INFO - 로컬(위치 기반) 데이터 역매핑을 시작합니다 (좌표: 37.36066, 126.92819, 반경: 3.0km)...
2026-07-22 21:23:50,831 - services.location_service - ERROR - Failed to search place 강남역: Kakao Map API Network Timeout
Traceback (most recent call last):
  File "/Users/steady/.openclaw/workspace/info_waves/services/location_service.py", line 220, in search_place
    resp = _session.get(url, headers=headers, timeout=5)
  File "/Library/Frameworks/Python.framework/Versions/3.10/lib/python3.10/unittest/mock.py", line 1104, in __call__
    return self._mock_call(*args, **kwargs)
  File "/Library/Frameworks/Python.framework/Versions/3.10/lib/python3.10/unittest/mock.py", line 1108, in _mock_call
    return self._execute_mock_call(*args, **kwargs)
  File "/Library/Frameworks/Python.framework/Versions/3.10/lib/python3.10/unittest/mock.py", line 1163, in _execute_mock_call
    raise effect
Exception: Kakao Map API Network Timeout
2026-07-22 21:24:12,043 - services.location_service - INFO - 📍 IP-based Location: 37.5332, 126.9692
2026-07-22 21:24:12,742 - services.location_service - INFO - 📍 IP-based Location: 37.5332, 126.9692
2026-07-22 21:24:12,743 - app - INFO - 📍 Device Real Location Initialized: 37.360567, 126.920192
2026-07-22 21:24:13,284 - services.location_service - INFO - 📍 IP-based Location: 37.5332, 126.9692
2026-07-22 21:25:18,593 - main - INFO - 글로벌(위치 무관) 데이터 스크래핑을 시작합니다...
2026-07-22 21:25:20,807 - services.location_service - INFO - 📍 IP-based Location: 37.5332, 126.9692
2026-07-22 21:25:20,828 - main - INFO - 글로벌(위치 무관) 데이터 스크래핑을 시작합니다...
2026-07-22 21:25:23,171 - services.location_service - INFO - 📍 IP-based Location: 37.5332, 126.9692
2026-07-22 21:25:23,182 - services.location_service - ERROR - Failed to reverse geocode: OpenStreetMap Network Timeout Error
Traceback (most recent call last):
  File "/Users/steady/.openclaw/workspace/info_waves/services/location_service.py", line 32, in _cached_get_neighborhood
    resp = _session.get(url, headers=headers, params=params, timeout=5)
  File "/Library/Frameworks/Python.framework/Versions/3.10/lib/python3.10/unittest/mock.py", line 1104, in __call__
    return self._mock_call(*args, **kwargs)
  File "/Library/Frameworks/Python.framework/Versions/3.10/lib/python3.10/unittest/mock.py", line 1108, in _mock_call
    return self._execute_mock_call(*args, **kwargs)
  File "/Library/Frameworks/Python.framework/Versions/3.10/lib/python3.10/unittest/mock.py", line 1163, in _execute_mock_call
    raise effect
Exception: OpenStreetMap Network Timeout Error
2026-07-22 21:25:23,187 - services.location_service - WARNING - Failed to fetch IP-based location (Timeout/Network): IP API Timeout
2026-07-22 21:25:23,197 - main - INFO - 글로벌(위치 무관) 데이터 스크래핑을 시작합니다...
2026-07-22 21:25:23,199 - main - INFO - 로컬(위치 기반) 데이터 역매핑을 시작합니다 (좌표: 37.36066, 126.92819, 반경: 3.0km)...
2026-07-22 21:25:23,536 - services.location_service - INFO - OpenStreetMap Reverse Geocoding: 37.498, 127.028 -> 역삼1동
2026-07-22 21:25:23,600 - services.location_service - INFO - OpenStreetMap Reverse Geocoding: 37.522, 126.924 -> 여의도동
2026-07-22 21:25:23,709 - services.location_service - INFO - OpenStreetMap Reverse Geocoding: 37.557, 126.924 -> 동교동
2026-07-22 21:25:23,769 - services.location_service - INFO - OpenStreetMap Reverse Geocoding: 37.36, 126.92 -> 산본2동
2026-07-22 21:25:23,837 - services.location_service - INFO - OpenStreetMap Reverse Geocoding: 37.395, 127.111 -> 백현동
2026-07-22 21:25:23,896 - services.location_service - INFO - OpenStreetMap Reverse Geocoding: 37.266, 127.0 -> 매산로1가
2026-07-22 21:25:23,950 - services.location_service - INFO - OpenStreetMap Reverse Geocoding: 37.489, 126.725 -> 부평동
2026-07-22 21:25:23,997 - services.location_service - INFO - OpenStreetMap Reverse Geocoding: 35.158, 129.059 -> 범전동
2026-07-22 21:25:24,050 - services.location_service - INFO - OpenStreetMap Reverse Geocoding: 35.871, 128.594 -> 동일동
2026-07-22 21:25:24,112 - services.location_service - INFO - OpenStreetMap Reverse Geocoding: 36.358, 127.382 -> 둔산동
2026-07-22 21:25:24,140 - main - INFO - 로컬(위치 기반) 데이터 역매핑을 시작합니다 (좌표: 37.36066, 126.92819, 반경: 3.0km)...
2026-07-22 21:25:24,189 - services.location_service - INFO - OpenStreetMap Reverse Geocoding: 37.361, 126.928 -> 산본2동
2026-07-22 21:25:24,238 - services.location_service - INFO - OpenStreetMap Reverse Geocoding: 37.36, 126.928 -> 산본동
2026-07-22 21:25:24,250 - main - INFO - 로컬(위치 기반) 데이터 역매핑을 시작합니다 (좌표: 37.36066, 126.92819, 반경: 3.0km)...
2026-07-22 21:25:24,728 - main - INFO - 로컬(위치 기반) 데이터 역매핑을 시작합니다 (좌표: 37.36066, 126.92819, 반경: 3.0km)...
2026-07-22 21:25:24,729 - main - INFO - 로컬(위치 기반) 데이터 역매핑을 시작합니다 (좌표: 37.36066, 126.92819, 반경: 3.0km)...
2026-07-22 21:25:24,730 - main - INFO - 로컬(위치 기반) 데이터 역매핑을 시작합니다 (좌표: 37.36066, 126.92819, 반경: 3.0km)...
2026-07-22 21:25:24,730 - main - INFO - 로컬(위치 기반) 데이터 역매핑을 시작합니다 (좌표: 37.36066, 126.92819, 반경: 3.0km)...
2026-07-22 21:25:24,731 - main - INFO - 로컬(위치 기반) 데이터 역매핑을 시작합니다 (좌표: 37.36066, 126.92819, 반경: 3.0km)...
2026-07-22 21:25:24,732 - services.location_service - ERROR - Failed to search place 강남역: Kakao Map API Network Timeout
Traceback (most recent call last):
  File "/Users/steady/.openclaw/workspace/info_waves/services/location_service.py", line 220, in search_place
    resp = _session.get(url, headers=headers, timeout=5)
  File "/Library/Frameworks/Python.framework/Versions/3.10/lib/python3.10/unittest/mock.py", line 1104, in __call__
    return self._mock_call(*args, **kwargs)
  File "/Library/Frameworks/Python.framework/Versions/3.10/lib/python3.10/unittest/mock.py", line 1108, in _mock_call
    return self._execute_mock_call(*args, **kwargs)
  File "/Library/Frameworks/Python.framework/Versions/3.10/lib/python3.10/unittest/mock.py", line 1163, in _execute_mock_call
    raise effect
Exception: Kakao Map API Network Timeout
2026-07-22 21:25:50,984 - services.location_service - INFO - 📍 IP-based Location: 37.5332, 126.9692
2026-07-22 21:25:51,933 - services.location_service - INFO - 📍 IP-based Location: 37.5332, 126.9692
2026-07-22 21:25:51,936 - app - INFO - 📍 Device Real Location Initialized: 37.360469, 126.920345
2026-07-22 21:25:53,058 - services.location_service - INFO - 📍 IP-based Location: 37.5332, 126.9692
2026-07-22 21:27:34,618 - main - INFO - 글로벌(위치 무관) 데이터 스크래핑을 시작합니다...
2026-07-22 21:27:38,295 - services.location_service - INFO - 📍 IP-based Location: 37.5332, 126.9692
2026-07-22 21:27:38,316 - main - INFO - 글로벌(위치 무관) 데이터 스크래핑을 시작합니다...
2026-07-22 21:27:40,043 - services.location_service - INFO - 📍 IP-based Location: 37.5332, 126.9692
2026-07-22 21:27:40,052 - services.location_service - ERROR - Failed to reverse geocode: OpenStreetMap Network Timeout Error
Traceback (most recent call last):
  File "/Users/steady/.openclaw/workspace/info_waves/services/location_service.py", line 32, in _cached_get_neighborhood
    resp = _session.get(url, headers=headers, params=params, timeout=5)
  File "/Library/Frameworks/Python.framework/Versions/3.10/lib/python3.10/unittest/mock.py", line 1104, in __call__
    return self._mock_call(*args, **kwargs)
  File "/Library/Frameworks/Python.framework/Versions/3.10/lib/python3.10/unittest/mock.py", line 1108, in _mock_call
    return self._execute_mock_call(*args, **kwargs)
  File "/Library/Frameworks/Python.framework/Versions/3.10/lib/python3.10/unittest/mock.py", line 1163, in _execute_mock_call
    raise effect
Exception: OpenStreetMap Network Timeout Error
2026-07-22 21:27:40,057 - services.location_service - WARNING - Failed to fetch IP-based location (Timeout/Network): IP API Timeout
2026-07-22 21:27:40,067 - main - INFO - 글로벌(위치 무관) 데이터 스크래핑을 시작합니다...
2026-07-22 21:27:40,069 - main - INFO - 로컬(위치 기반) 데이터 역매핑을 시작합니다 (좌표: 37.36066, 126.92819, 반경: 3.0km)...
2026-07-22 21:27:40,418 - services.location_service - INFO - OpenStreetMap Reverse Geocoding: 37.498, 127.028 -> 역삼1동
2026-07-22 21:27:40,475 - services.location_service - INFO - OpenStreetMap Reverse Geocoding: 37.522, 126.924 -> 여의도동
2026-07-22 21:27:40,530 - services.location_service - INFO - OpenStreetMap Reverse Geocoding: 37.557, 126.924 -> 동교동
2026-07-22 21:27:40,608 - services.location_service - INFO - OpenStreetMap Reverse Geocoding: 37.36, 126.92 -> 산본2동
2026-07-22 21:27:40,659 - services.location_service - INFO - OpenStreetMap Reverse Geocoding: 37.395, 127.111 -> 백현동
2026-07-22 21:27:40,726 - services.location_service - INFO - OpenStreetMap Reverse Geocoding: 37.266, 127.0 -> 매산로1가
2026-07-22 21:27:41,064 - services.location_service - INFO - OpenStreetMap Reverse Geocoding: 37.489, 126.725 -> 부평동
2026-07-22 21:27:41,129 - services.location_service - INFO - OpenStreetMap Reverse Geocoding: 35.158, 129.059 -> 범전동
2026-07-22 21:27:41,181 - services.location_service - INFO - OpenStreetMap Reverse Geocoding: 35.871, 128.594 -> 동일동
2026-07-22 21:27:41,257 - services.location_service - INFO - OpenStreetMap Reverse Geocoding: 36.358, 127.382 -> 둔산동
2026-07-22 21:27:41,283 - main - INFO - 로컬(위치 기반) 데이터 역매핑을 시작합니다 (좌표: 37.36066, 126.92819, 반경: 3.0km)...
2026-07-22 21:27:41,333 - services.location_service - INFO - OpenStreetMap Reverse Geocoding: 37.361, 126.928 -> 산본2동
2026-07-22 21:27:41,381 - services.location_service - INFO - OpenStreetMap Reverse Geocoding: 37.36, 126.928 -> 산본동
2026-07-22 21:27:41,393 - main - INFO - 로컬(위치 기반) 데이터 역매핑을 시작합니다 (좌표: 37.36066, 126.92819, 반경: 3.0km)...
2026-07-22 21:27:41,726 - main - INFO - 로컬(위치 기반) 데이터 역매핑을 시작합니다 (좌표: 37.36066, 126.92819, 반경: 3.0km)...
2026-07-22 21:27:41,728 - main - INFO - 로컬(위치 기반) 데이터 역매핑을 시작합니다 (좌표: 37.36066, 126.92819, 반경: 3.0km)...
2026-07-22 21:27:41,728 - main - INFO - 로컬(위치 기반) 데이터 역매핑을 시작합니다 (좌표: 37.36066, 126.92819, 반경: 3.0km)...
2026-07-22 21:27:41,729 - main - INFO - 로컬(위치 기반) 데이터 역매핑을 시작합니다 (좌표: 37.36066, 126.92819, 반경: 3.0km)...
2026-07-22 21:27:41,730 - main - INFO - 로컬(위치 기반) 데이터 역매핑을 시작합니다 (좌표: 37.36066, 126.92819, 반경: 3.0km)...
2026-07-22 21:27:41,731 - services.location_service - ERROR - Failed to search place 강남역: Kakao Map API Network Timeout
Traceback (most recent call last):
  File "/Users/steady/.openclaw/workspace/info_waves/services/location_service.py", line 220, in search_place
    resp = _session.get(url, headers=headers, timeout=5)
  File "/Library/Frameworks/Python.framework/Versions/3.10/lib/python3.10/unittest/mock.py", line 1104, in __call__
    return self._mock_call(*args, **kwargs)
  File "/Library/Frameworks/Python.framework/Versions/3.10/lib/python3.10/unittest/mock.py", line 1108, in _mock_call
    return self._execute_mock_call(*args, **kwargs)
  File "/Library/Frameworks/Python.framework/Versions/3.10/lib/python3.10/unittest/mock.py", line 1163, in _execute_mock_call
    raise effect
Exception: Kakao Map API Network Timeout
2026-07-22 21:27:58,690 - services.location_service - INFO - 📍 IP-based Location: 37.5332, 126.9692
2026-07-22 21:27:59,900 - services.location_service - INFO - 📍 IP-based Location: 37.5332, 126.9692
2026-07-22 21:27:59,903 - app - INFO - 📍 Device Real Location Initialized: 37.360698, 126.920308
2026-07-22 21:28:00,851 - services.location_service - INFO - 📍 IP-based Location: 37.5332, 126.9692
2026-07-22 21:28:52,264 - main - INFO - 글로벌(위치 무관) 데이터 스크래핑을 시작합니다...
2026-07-22 21:28:54,066 - services.location_service - INFO - 📍 IP-based Location: 37.5332, 126.9692
2026-07-22 21:28:54,085 - main - INFO - 글로벌(위치 무관) 데이터 스크래핑을 시작합니다...
2026-07-22 21:28:55,899 - services.location_service - INFO - 📍 IP-based Location: 37.5332, 126.9692
2026-07-22 21:28:55,908 - services.location_service - ERROR - Failed to reverse geocode: OpenStreetMap Network Timeout Error
Traceback (most recent call last):
  File "/Users/steady/.openclaw/workspace/info_waves/services/location_service.py", line 32, in _cached_get_neighborhood
    resp = _session.get(url, headers=headers, params=params, timeout=5)
  File "/Library/Frameworks/Python.framework/Versions/3.10/lib/python3.10/unittest/mock.py", line 1104, in __call__
    return self._mock_call(*args, **kwargs)
  File "/Library/Frameworks/Python.framework/Versions/3.10/lib/python3.10/unittest/mock.py", line 1108, in _mock_call
    return self._execute_mock_call(*args, **kwargs)
  File "/Library/Frameworks/Python.framework/Versions/3.10/lib/python3.10/unittest/mock.py", line 1163, in _execute_mock_call
    raise effect
Exception: OpenStreetMap Network Timeout Error
2026-07-22 21:28:55,913 - services.location_service - WARNING - Failed to fetch IP-based location (Timeout/Network): IP API Timeout
2026-07-22 21:28:55,924 - main - INFO - 글로벌(위치 무관) 데이터 스크래핑을 시작합니다...
2026-07-22 21:28:55,926 - main - INFO - 로컬(위치 기반) 데이터 역매핑을 시작합니다 (좌표: 37.36066, 126.92819, 반경: 3.0km)...
2026-07-22 21:28:56,092 - services.location_service - INFO - OpenStreetMap Reverse Geocoding: 37.498, 127.028 -> 역삼1동
2026-07-22 21:28:56,163 - services.location_service - INFO - OpenStreetMap Reverse Geocoding: 37.522, 126.924 -> 여의도동
2026-07-22 21:28:56,214 - services.location_service - INFO - OpenStreetMap Reverse Geocoding: 37.557, 126.924 -> 동교동
2026-07-22 21:28:56,270 - services.location_service - INFO - OpenStreetMap Reverse Geocoding: 37.36, 126.92 -> 산본2동
2026-07-22 21:28:56,337 - services.location_service - INFO - OpenStreetMap Reverse Geocoding: 37.395, 127.111 -> 백현동
2026-07-22 21:28:56,394 - services.location_service - INFO - OpenStreetMap Reverse Geocoding: 37.266, 127.0 -> 매산로1가
2026-07-22 21:28:56,441 - services.location_service - INFO - OpenStreetMap Reverse Geocoding: 37.489, 126.725 -> 부평동
2026-07-22 21:28:56,506 - services.location_service - INFO - OpenStreetMap Reverse Geocoding: 35.158, 129.059 -> 범전동
2026-07-22 21:28:56,565 - services.location_service - INFO - OpenStreetMap Reverse Geocoding: 35.871, 128.594 -> 동일동
2026-07-22 21:28:56,633 - services.location_service - INFO - OpenStreetMap Reverse Geocoding: 36.358, 127.382 -> 둔산동
2026-07-22 21:28:56,661 - main - INFO - 로컬(위치 기반) 데이터 역매핑을 시작합니다 (좌표: 37.36066, 126.92819, 반경: 3.0km)...
2026-07-22 21:28:56,715 - services.location_service - INFO - OpenStreetMap Reverse Geocoding: 37.361, 126.928 -> 산본2동
2026-07-22 21:28:56,764 - services.location_service - INFO - OpenStreetMap Reverse Geocoding: 37.36, 126.928 -> 산본동
2026-07-22 21:28:56,775 - main - INFO - 로컬(위치 기반) 데이터 역매핑을 시작합니다 (좌표: 37.36066, 126.92819, 반경: 3.0km)...
2026-07-22 21:28:57,095 - main - INFO - 로컬(위치 기반) 데이터 역매핑을 시작합니다 (좌표: 37.36066, 126.92819, 반경: 3.0km)...
2026-07-22 21:28:57,096 - main - INFO - 로컬(위치 기반) 데이터 역매핑을 시작합니다 (좌표: 37.36066, 126.92819, 반경: 3.0km)...
2026-07-22 21:28:57,096 - main - INFO - 로컬(위치 기반) 데이터 역매핑을 시작합니다 (좌표: 37.36066, 126.92819, 반경: 3.0km)...
2026-07-22 21:28:57,096 - main - INFO - 로컬(위치 기반) 데이터 역매핑을 시작합니다 (좌표: 37.36066, 126.92819, 반경: 3.0km)...
2026-07-22 21:28:57,097 - main - INFO - 로컬(위치 기반) 데이터 역매핑을 시작합니다 (좌표: 37.36066, 126.92819, 반경: 3.0km)...
2026-07-22 21:28:57,098 - services.location_service - ERROR - Failed to search place 강남역: Kakao Map API Network Timeout
Traceback (most recent call last):
  File "/Users/steady/.openclaw/workspace/info_waves/services/location_service.py", line 220, in search_place
    resp = _session.get(url, headers=headers, timeout=5)
  File "/Library/Frameworks/Python.framework/Versions/3.10/lib/python3.10/unittest/mock.py", line 1104, in __call__
    return self._mock_call(*args, **kwargs)
  File "/Library/Frameworks/Python.framework/Versions/3.10/lib/python3.10/unittest/mock.py", line 1108, in _mock_call
    return self._execute_mock_call(*args, **kwargs)
  File "/Library/Frameworks/Python.framework/Versions/3.10/lib/python3.10/unittest/mock.py", line 1163, in _execute_mock_call
    raise effect
Exception: Kakao Map API Network Timeout
2026-07-22 21:29:36,684 - services.location_service - INFO - 📍 IP-based Location: 37.5332, 126.9692
2026-07-22 21:29:37,399 - services.location_service - INFO - 📍 IP-based Location: 37.5332, 126.9692
2026-07-22 21:29:37,401 - app - INFO - 📍 Device Real Location Initialized: 37.360608, 126.920249
2026-07-22 21:29:38,280 - services.location_service - INFO - 📍 IP-based Location: 37.5332, 126.9692
2026-07-22 21:31:02,787 - main - INFO - 글로벌(위치 무관) 데이터 스크래핑을 시작합니다...
2026-07-22 21:31:06,345 - services.location_service - INFO - 📍 IP-based Location: 37.5332, 126.9692
2026-07-22 21:31:06,365 - main - INFO - 글로벌(위치 무관) 데이터 스크래핑을 시작합니다...
2026-07-22 21:31:08,400 - services.location_service - INFO - 📍 IP-based Location: 37.5332, 126.9692
2026-07-22 21:31:08,410 - services.location_service - ERROR - Failed to reverse geocode: OpenStreetMap Network Timeout Error
Traceback (most recent call last):
  File "/Users/steady/.openclaw/workspace/info_waves/services/location_service.py", line 32, in _cached_get_neighborhood
    resp = _session.get(url, headers=headers, params=params, timeout=5)
  File "/Library/Frameworks/Python.framework/Versions/3.10/lib/python3.10/unittest/mock.py", line 1104, in __call__
    return self._mock_call(*args, **kwargs)
  File "/Library/Frameworks/Python.framework/Versions/3.10/lib/python3.10/unittest/mock.py", line 1108, in _mock_call
    return self._execute_mock_call(*args, **kwargs)
  File "/Library/Frameworks/Python.framework/Versions/3.10/lib/python3.10/unittest/mock.py", line 1163, in _execute_mock_call
    raise effect
Exception: OpenStreetMap Network Timeout Error
2026-07-22 21:31:08,415 - services.location_service - WARNING - Failed to fetch IP-based location (Timeout/Network): IP API Timeout
2026-07-22 21:31:08,425 - main - INFO - 글로벌(위치 무관) 데이터 스크래핑을 시작합니다...
2026-07-22 21:31:08,427 - main - INFO - 로컬(위치 기반) 데이터 역매핑을 시작합니다 (좌표: 37.36066, 126.92819, 반경: 3.0km)...
2026-07-22 21:31:08,839 - services.location_service - INFO - OpenStreetMap Reverse Geocoding: 37.498, 127.028 -> 역삼1동
2026-07-22 21:31:08,906 - services.location_service - INFO - OpenStreetMap Reverse Geocoding: 37.522, 126.924 -> 여의도동
2026-07-22 21:31:08,971 - services.location_service - INFO - OpenStreetMap Reverse Geocoding: 37.557, 126.924 -> 동교동
2026-07-22 21:31:09,031 - services.location_service - INFO - OpenStreetMap Reverse Geocoding: 37.36, 126.92 -> 산본2동
2026-07-22 21:31:09,092 - services.location_service - INFO - OpenStreetMap Reverse Geocoding: 37.395, 127.111 -> 백현동
2026-07-22 21:31:09,163 - services.location_service - INFO - OpenStreetMap Reverse Geocoding: 37.266, 127.0 -> 매산로1가
2026-07-22 21:31:09,237 - services.location_service - INFO - OpenStreetMap Reverse Geocoding: 37.489, 126.725 -> 부평동
2026-07-22 21:31:09,294 - services.location_service - INFO - OpenStreetMap Reverse Geocoding: 35.158, 129.059 -> 범전동
2026-07-22 21:31:09,365 - services.location_service - INFO - OpenStreetMap Reverse Geocoding: 35.871, 128.594 -> 동일동
2026-07-22 21:31:09,428 - services.location_service - INFO - OpenStreetMap Reverse Geocoding: 36.358, 127.382 -> 둔산동
2026-07-22 21:31:09,457 - main - INFO - 로컬(위치 기반) 데이터 역매핑을 시작합니다 (좌표: 37.36066, 126.92819, 반경: 3.0km)...
2026-07-22 21:31:09,502 - services.location_service - INFO - OpenStreetMap Reverse Geocoding: 37.361, 126.928 -> 산본2동
2026-07-22 21:31:09,567 - services.location_service - INFO - OpenStreetMap Reverse Geocoding: 37.36, 126.928 -> 산본동
2026-07-22 21:31:09,580 - main - INFO - 로컬(위치 기반) 데이터 역매핑을 시작합니다 (좌표: 37.36066, 126.92819, 반경: 3.0km)...
2026-07-22 21:31:09,933 - main - INFO - 로컬(위치 기반) 데이터 역매핑을 시작합니다 (좌표: 37.36066, 126.92819, 반경: 3.0km)...
2026-07-22 21:31:09,934 - main - INFO - 로컬(위치 기반) 데이터 역매핑을 시작합니다 (좌표: 37.36066, 126.92819, 반경: 3.0km)...
2026-07-22 21:31:09,934 - main - INFO - 로컬(위치 기반) 데이터 역매핑을 시작합니다 (좌표: 37.36066, 126.92819, 반경: 3.0km)...
2026-07-22 21:31:09,935 - main - INFO - 로컬(위치 기반) 데이터 역매핑을 시작합니다 (좌표: 37.36066, 126.92819, 반경: 3.0km)...
2026-07-22 21:31:09,935 - main - INFO - 로컬(위치 기반) 데이터 역매핑을 시작합니다 (좌표: 37.36066, 126.92819, 반경: 3.0km)...
2026-07-22 21:31:09,937 - services.location_service - ERROR - Failed to search place 강남역: Kakao Map API Network Timeout
Traceback (most recent call last):
  File "/Users/steady/.openclaw/workspace/info_waves/services/location_service.py", line 220, in search_place
    resp = _session.get(url, headers=headers, timeout=5)
  File "/Library/Frameworks/Python.framework/Versions/3.10/lib/python3.10/unittest/mock.py", line 1104, in __call__
    return self._mock_call(*args, **kwargs)
  File "/Library/Frameworks/Python.framework/Versions/3.10/lib/python3.10/unittest/mock.py", line 1108, in _mock_call
    return self._execute_mock_call(*args, **kwargs)
  File "/Library/Frameworks/Python.framework/Versions/3.10/lib/python3.10/unittest/mock.py", line 1163, in _execute_mock_call
    raise effect
Exception: Kakao Map API Network Timeout
2026-07-22 21:32:33,890 - main - INFO - 글로벌(위치 무관) 데이터 스크래핑을 시작합니다...
2026-07-22 21:32:37,918 - services.location_service - INFO - 📍 IP-based Location: 37.5332, 126.9692
2026-07-22 21:32:38,857 - services.location_service - INFO - 📍 IP-based Location: 37.5332, 126.9692
2026-07-22 21:32:38,861 - app - INFO - 📍 Device Real Location Initialized: 37.360602, 126.920298
2026-07-22 21:32:40,169 - services.location_service - INFO - 📍 IP-based Location: 37.5332, 126.9692
2026-07-22 21:33:46,171 - main - INFO - 글로벌(위치 무관) 데이터 스크래핑을 시작합니다...
2026-07-22 21:33:47,969 - services.location_service - INFO - 📍 IP-based Location: 37.5332, 126.9692
2026-07-22 21:33:47,989 - main - INFO - 글로벌(위치 무관) 데이터 스크래핑을 시작합니다...
2026-07-22 21:33:50,431 - services.location_service - INFO - 📍 IP-based Location: 37.5332, 126.9692
2026-07-22 21:33:50,443 - services.location_service - ERROR - Failed to reverse geocode: OpenStreetMap Network Timeout Error
Traceback (most recent call last):
  File "/Users/steady/.openclaw/workspace/info_waves/services/location_service.py", line 32, in _cached_get_neighborhood
    resp = _session.get(url, headers=headers, params=params, timeout=5)
  File "/Library/Frameworks/Python.framework/Versions/3.10/lib/python3.10/unittest/mock.py", line 1104, in __call__
    return self._mock_call(*args, **kwargs)
  File "/Library/Frameworks/Python.framework/Versions/3.10/lib/python3.10/unittest/mock.py", line 1108, in _mock_call
    return self._execute_mock_call(*args, **kwargs)
  File "/Library/Frameworks/Python.framework/Versions/3.10/lib/python3.10/unittest/mock.py", line 1163, in _execute_mock_call
    raise effect
Exception: OpenStreetMap Network Timeout Error
2026-07-22 21:33:50,451 - services.location_service - WARNING - Failed to fetch IP-based location (Timeout/Network): IP API Timeout
2026-07-22 21:33:50,469 - main - INFO - 글로벌(위치 무관) 데이터 스크래핑을 시작합니다...
2026-07-22 21:33:50,472 - main - INFO - 로컬(위치 기반) 데이터 역매핑을 시작합니다 (좌표: 37.36066, 126.92819, 반경: 3.0km)...
2026-07-22 21:33:50,890 - services.location_service - INFO - OpenStreetMap Reverse Geocoding: 37.498, 127.028 -> 역삼1동
2026-07-22 21:33:50,955 - services.location_service - INFO - OpenStreetMap Reverse Geocoding: 37.522, 126.924 -> 여의도동
2026-07-22 21:33:51,020 - services.location_service - INFO - OpenStreetMap Reverse Geocoding: 37.557, 126.924 -> 동교동
2026-07-22 21:33:51,074 - services.location_service - INFO - OpenStreetMap Reverse Geocoding: 37.36, 126.92 -> 산본2동
2026-07-22 21:33:51,134 - services.location_service - INFO - OpenStreetMap Reverse Geocoding: 37.395, 127.111 -> 백현동
2026-07-22 21:33:51,191 - services.location_service - INFO - OpenStreetMap Reverse Geocoding: 37.266, 127.0 -> 매산로1가
2026-07-22 21:33:51,260 - services.location_service - INFO - OpenStreetMap Reverse Geocoding: 37.489, 126.725 -> 부평동
2026-07-22 21:33:51,320 - services.location_service - INFO - OpenStreetMap Reverse Geocoding: 35.158, 129.059 -> 범전동
2026-07-22 21:33:51,385 - services.location_service - INFO - OpenStreetMap Reverse Geocoding: 35.871, 128.594 -> 동일동
2026-07-22 21:33:51,450 - services.location_service - INFO - OpenStreetMap Reverse Geocoding: 36.358, 127.382 -> 둔산동
2026-07-22 21:33:51,485 - main - INFO - 로컬(위치 기반) 데이터 역매핑을 시작합니다 (좌표: 37.36066, 126.92819, 반경: 3.0km)...
2026-07-22 21:33:51,544 - services.location_service - INFO - OpenStreetMap Reverse Geocoding: 37.361, 126.928 -> 산본2동
2026-07-22 21:33:51,551 - services.location_service - INFO - OpenStreetMap Reverse Geocoding: 37.36, 126.928 -> 산본동
2026-07-22 21:33:51,651 - main - INFO - 로컬(위치 기반) 데이터 역매핑을 시작합니다 (좌표: 37.36066, 126.92819, 반경: 3.0km)...
2026-07-22 21:33:52,223 - main - INFO - 로컬(위치 기반) 데이터 역매핑을 시작합니다 (좌표: 37.36066, 126.92819, 반경: 3.0km)...
2026-07-22 21:33:52,225 - main - INFO - 로컬(위치 기반) 데이터 역매핑을 시작합니다 (좌표: 37.36066, 126.92819, 반경: 3.0km)...
2026-07-22 21:33:52,226 - main - INFO - 로컬(위치 기반) 데이터 역매핑을 시작합니다 (좌표: 37.36066, 126.92819, 반경: 3.0km)...
2026-07-22 21:33:52,227 - main - INFO - 로컬(위치 기반) 데이터 역매핑을 시작합니다 (좌표: 37.36066, 126.92819, 반경: 3.0km)...
2026-07-22 21:33:52,227 - main - INFO - 로컬(위치 기반) 데이터 역매핑을 시작합니다 (좌표: 37.36066, 126.92819, 반경: 3.0km)...
2026-07-22 21:33:52,229 - services.location_service - ERROR - Failed to search place 강남역: Kakao Map API Network Timeout
Traceback (most recent call last):
  File "/Users/steady/.openclaw/workspace/info_waves/services/location_service.py", line 220, in search_place
    resp = _session.get(url, headers=headers, timeout=5)
  File "/Library/Frameworks/Python.framework/Versions/3.10/lib/python3.10/unittest/mock.py", line 1104, in __call__
    return self._mock_call(*args, **kwargs)
  File "/Library/Frameworks/Python.framework/Versions/3.10/lib/python3.10/unittest/mock.py", line 1108, in _mock_call
    return self._execute_mock_call(*args, **kwargs)
  File "/Library/Frameworks/Python.framework/Versions/3.10/lib/python3.10/unittest/mock.py", line 1163, in _execute_mock_call
    raise effect
Exception: Kakao Map API Network Timeout
2026-07-22 21:34:15,576 - services.location_service - INFO - 📍 IP-based Location: 37.5332, 126.9692
2026-07-22 21:34:16,518 - services.location_service - INFO - 📍 IP-based Location: 37.5332, 126.9692
2026-07-22 21:34:16,521 - app - INFO - 📍 Device Real Location Initialized: 37.360602, 126.920298
2026-07-22 21:34:17,133 - services.location_service - INFO - 📍 IP-based Location: 37.5332, 126.9692
2026-07-22 21:36:33,212 - main - INFO - 글로벌(위치 무관) 데이터 스크래핑을 시작합니다...
2026-07-22 21:36:37,193 - services.location_service - INFO - 📍 IP-based Location: 37.5332, 126.9692
2026-07-22 21:36:37,215 - main - INFO - 글로벌(위치 무관) 데이터 스크래핑을 시작합니다...
2026-07-22 21:36:39,001 - services.location_service - INFO - 📍 IP-based Location: 37.5332, 126.9692
2026-07-22 21:36:39,011 - services.location_service - ERROR - Failed to reverse geocode: OpenStreetMap Network Timeout Error
Traceback (most recent call last):
  File "/Users/steady/.openclaw/workspace/info_waves/services/location_service.py", line 32, in _cached_get_neighborhood
    resp = _session.get(url, headers=headers, params=params, timeout=5)
  File "/Library/Frameworks/Python.framework/Versions/3.10/lib/python3.10/unittest/mock.py", line 1104, in __call__
    return self._mock_call(*args, **kwargs)
  File "/Library/Frameworks/Python.framework/Versions/3.10/lib/python3.10/unittest/mock.py", line 1108, in _mock_call
    return self._execute_mock_call(*args, **kwargs)
  File "/Library/Frameworks/Python.framework/Versions/3.10/lib/python3.10/unittest/mock.py", line 1163, in _execute_mock_call
    raise effect
Exception: OpenStreetMap Network Timeout Error
2026-07-22 21:36:39,017 - services.location_service - WARNING - Failed to fetch IP-based location (Timeout/Network): IP API Timeout
2026-07-22 21:36:39,028 - main - INFO - 글로벌(위치 무관) 데이터 스크래핑을 시작합니다...
2026-07-22 21:36:39,031 - main - INFO - 로컬(위치 기반) 데이터 역매핑을 시작합니다 (좌표: 37.36066, 126.92819, 반경: 3.0km)...
2026-07-22 21:36:39,415 - services.location_service - INFO - OpenStreetMap Reverse Geocoding: 37.498, 127.028 -> 역삼1동
2026-07-22 21:36:39,518 - services.location_service - INFO - OpenStreetMap Reverse Geocoding: 37.522, 126.924 -> 여의도동
2026-07-22 21:36:39,564 - services.location_service - INFO - OpenStreetMap Reverse Geocoding: 37.557, 126.924 -> 동교동
2026-07-22 21:36:39,623 - services.location_service - INFO - OpenStreetMap Reverse Geocoding: 37.36, 126.92 -> 산본2동
2026-07-22 21:36:39,677 - services.location_service - INFO - OpenStreetMap Reverse Geocoding: 37.395, 127.111 -> 백현동
2026-07-22 21:36:39,772 - services.location_service - INFO - OpenStreetMap Reverse Geocoding: 37.266, 127.0 -> 매산로1가
2026-07-22 21:36:39,834 - services.location_service - INFO - OpenStreetMap Reverse Geocoding: 37.489, 126.725 -> 부평동
2026-07-22 21:36:39,883 - services.location_service - INFO - OpenStreetMap Reverse Geocoding: 35.158, 129.059 -> 범전동
2026-07-22 21:36:39,981 - services.location_service - INFO - OpenStreetMap Reverse Geocoding: 35.871, 128.594 -> 동일동
2026-07-22 21:36:40,074 - services.location_service - INFO - OpenStreetMap Reverse Geocoding: 36.358, 127.382 -> 둔산동
2026-07-22 21:36:40,102 - main - INFO - 로컬(위치 기반) 데이터 역매핑을 시작합니다 (좌표: 37.36066, 126.92819, 반경: 3.0km)...
2026-07-22 21:36:40,136 - services.location_service - INFO - OpenStreetMap Reverse Geocoding: 37.361, 126.928 -> 산본2동
2026-07-22 21:36:40,184 - services.location_service - INFO - OpenStreetMap Reverse Geocoding: 37.36, 126.928 -> 산본동
2026-07-22 21:36:40,195 - main - INFO - 로컬(위치 기반) 데이터 역매핑을 시작합니다 (좌표: 37.36066, 126.92819, 반경: 3.0km)...
2026-07-22 21:36:40,559 - main - INFO - 로컬(위치 기반) 데이터 역매핑을 시작합니다 (좌표: 37.36066, 126.92819, 반경: 3.0km)...
2026-07-22 21:36:40,560 - main - INFO - 로컬(위치 기반) 데이터 역매핑을 시작합니다 (좌표: 37.36066, 126.92819, 반경: 3.0km)...
2026-07-22 21:36:40,560 - main - INFO - 로컬(위치 기반) 데이터 역매핑을 시작합니다 (좌표: 37.36066, 126.92819, 반경: 3.0km)...
2026-07-22 21:36:40,561 - main - INFO - 로컬(위치 기반) 데이터 역매핑을 시작합니다 (좌표: 37.36066, 126.92819, 반경: 3.0km)...
2026-07-22 21:36:40,561 - main - INFO - 로컬(위치 기반) 데이터 역매핑을 시작합니다 (좌표: 37.36066, 126.92819, 반경: 3.0km)...
2026-07-22 21:36:40,562 - services.location_service - ERROR - Failed to search place 강남역: Kakao Map API Network Timeout
Traceback (most recent call last):
  File "/Users/steady/.openclaw/workspace/info_waves/services/location_service.py", line 220, in search_place
    resp = _session.get(url, headers=headers, timeout=5)
  File "/Library/Frameworks/Python.framework/Versions/3.10/lib/python3.10/unittest/mock.py", line 1104, in __call__
    return self._mock_call(*args, **kwargs)
  File "/Library/Frameworks/Python.framework/Versions/3.10/lib/python3.10/unittest/mock.py", line 1108, in _mock_call
    return self._execute_mock_call(*args, **kwargs)
  File "/Library/Frameworks/Python.framework/Versions/3.10/lib/python3.10/unittest/mock.py", line 1163, in _execute_mock_call
    raise effect
Exception: Kakao Map API Network Timeout
2026-07-22 21:37:53,862 - services.location_service - INFO - 📍 IP-based Location: 37.5332, 126.9692
2026-07-22 21:37:54,780 - services.location_service - INFO - 📍 IP-based Location: 37.5332, 126.9692
2026-07-22 21:37:54,781 - app - INFO - 📍 Device Real Location Initialized: 37.360626, 126.920257
2026-07-22 21:37:55,567 - services.location_service - INFO - 📍 IP-based Location: 37.5332, 126.9692
2026-07-22 21:39:22,422 - main - INFO - 글로벌(위치 무관) 데이터 스크래핑을 시작합니다...
2026-07-22 21:39:25,659 - services.location_service - INFO - 📍 IP-based Location: 37.5332, 126.9692
2026-07-22 21:39:25,681 - main - INFO - 글로벌(위치 무관) 데이터 스크래핑을 시작합니다...
2026-07-22 21:39:27,458 - services.location_service - INFO - 📍 IP-based Location: 37.5332, 126.9692
2026-07-22 21:39:27,469 - services.location_service - ERROR - Failed to reverse geocode: OpenStreetMap Network Timeout Error
Traceback (most recent call last):
  File "/Users/steady/.openclaw/workspace/info_waves/services/location_service.py", line 32, in _cached_get_neighborhood
    resp = _session.get(url, headers=headers, params=params, timeout=5)
  File "/Library/Frameworks/Python.framework/Versions/3.10/lib/python3.10/unittest/mock.py", line 1104, in __call__
    return self._mock_call(*args, **kwargs)
  File "/Library/Frameworks/Python.framework/Versions/3.10/lib/python3.10/unittest/mock.py", line 1108, in _mock_call
    return self._execute_mock_call(*args, **kwargs)
  File "/Library/Frameworks/Python.framework/Versions/3.10/lib/python3.10/unittest/mock.py", line 1163, in _execute_mock_call
    raise effect
Exception: OpenStreetMap Network Timeout Error
2026-07-22 21:39:27,474 - services.location_service - WARNING - Failed to fetch IP-based location (Timeout/Network): IP API Timeout
2026-07-22 21:39:27,484 - main - INFO - 글로벌(위치 무관) 데이터 스크래핑을 시작합니다...
2026-07-22 21:39:27,486 - main - INFO - 로컬(위치 기반) 데이터 역매핑을 시작합니다 (좌표: 37.36066, 126.92819, 반경: 3.0km)...
2026-07-22 21:39:27,805 - services.location_service - INFO - OpenStreetMap Reverse Geocoding: 37.498, 127.028 -> 역삼1동
2026-07-22 21:39:27,860 - services.location_service - INFO - OpenStreetMap Reverse Geocoding: 37.522, 126.924 -> 여의도동
2026-07-22 21:39:27,921 - services.location_service - INFO - OpenStreetMap Reverse Geocoding: 37.557, 126.924 -> 동교동
2026-07-22 21:39:28,005 - services.location_service - INFO - OpenStreetMap Reverse Geocoding: 37.36, 126.92 -> 산본2동
2026-07-22 21:39:28,065 - services.location_service - INFO - OpenStreetMap Reverse Geocoding: 37.395, 127.111 -> 백현동
2026-07-22 21:39:28,122 - services.location_service - INFO - OpenStreetMap Reverse Geocoding: 37.266, 127.0 -> 매산로1가
2026-07-22 21:39:28,171 - services.location_service - INFO - OpenStreetMap Reverse Geocoding: 37.489, 126.725 -> 부평동
2026-07-22 21:39:28,237 - services.location_service - INFO - OpenStreetMap Reverse Geocoding: 35.158, 129.059 -> 범전동
2026-07-22 21:39:28,291 - services.location_service - INFO - OpenStreetMap Reverse Geocoding: 35.871, 128.594 -> 동일동
2026-07-22 21:39:28,353 - services.location_service - INFO - OpenStreetMap Reverse Geocoding: 36.358, 127.382 -> 둔산동
2026-07-22 21:39:28,382 - main - INFO - 로컬(위치 기반) 데이터 역매핑을 시작합니다 (좌표: 37.36066, 126.92819, 반경: 3.0km)...
2026-07-22 21:39:28,495 - services.location_service - INFO - OpenStreetMap Reverse Geocoding: 37.361, 126.928 -> 산본2동
2026-07-22 21:39:28,502 - services.location_service - INFO - OpenStreetMap Reverse Geocoding: 37.36, 126.928 -> 산본동
2026-07-22 21:39:28,559 - main - INFO - 로컬(위치 기반) 데이터 역매핑을 시작합니다 (좌표: 37.36066, 126.92819, 반경: 3.0km)...
2026-07-22 21:39:28,886 - main - INFO - 로컬(위치 기반) 데이터 역매핑을 시작합니다 (좌표: 37.36066, 126.92819, 반경: 3.0km)...
2026-07-22 21:39:28,886 - main - INFO - 로컬(위치 기반) 데이터 역매핑을 시작합니다 (좌표: 37.36066, 126.92819, 반경: 3.0km)...
2026-07-22 21:39:28,887 - main - INFO - 로컬(위치 기반) 데이터 역매핑을 시작합니다 (좌표: 37.36066, 126.92819, 반경: 3.0km)...
2026-07-22 21:39:28,887 - main - INFO - 로컬(위치 기반) 데이터 역매핑을 시작합니다 (좌표: 37.36066, 126.92819, 반경: 3.0km)...
2026-07-22 21:39:28,888 - main - INFO - 로컬(위치 기반) 데이터 역매핑을 시작합니다 (좌표: 37.36066, 126.92819, 반경: 3.0km)...
2026-07-22 21:39:28,889 - services.location_service - ERROR - Failed to search place 강남역: Kakao Map API Network Timeout
Traceback (most recent call last):
  File "/Users/steady/.openclaw/workspace/info_waves/services/location_service.py", line 220, in search_place
    resp = _session.get(url, headers=headers, timeout=5)
  File "/Library/Frameworks/Python.framework/Versions/3.10/lib/python3.10/unittest/mock.py", line 1104, in __call__
    return self._mock_call(*args, **kwargs)
  File "/Library/Frameworks/Python.framework/Versions/3.10/lib/python3.10/unittest/mock.py", line 1108, in _mock_call
    return self._execute_mock_call(*args, **kwargs)
  File "/Library/Frameworks/Python.framework/Versions/3.10/lib/python3.10/unittest/mock.py", line 1163, in _execute_mock_call
    raise effect
Exception: Kakao Map API Network Timeout
2026-07-22 21:40:39,595 - services.location_service - INFO - 📍 IP-based Location: 37.5332, 126.9692
2026-07-22 21:40:40,733 - services.location_service - INFO - 📍 IP-based Location: 37.5332, 126.9692
2026-07-22 21:40:40,736 - app - INFO - 📍 Device Real Location Initialized: 37.360682, 126.92012
2026-07-22 21:40:41,346 - services.location_service - INFO - 📍 IP-based Location: 37.5332, 126.9692
2026-07-22 21:41:53,040 - services.location_service - INFO - 📍 IP-based Location: 37.5332, 126.9692
2026-07-22 21:41:53,950 - services.location_service - INFO - 📍 IP-based Location: 37.5332, 126.9692
2026-07-22 21:41:53,953 - app - INFO - 📍 Device Real Location Initialized: 37.360602, 126.920332
2026-07-22 21:41:54,498 - services.location_service - INFO - 📍 IP-based Location: 37.5332, 126.9692
2026-07-22 21:41:57,240 - services.location_service - INFO - 📍 IP-based Location: 37.5332, 126.9692
2026-07-22 21:41:57,520 - services.location_service - INFO - 📍 IP-based Location: 37.5332, 126.9692
2026-07-22 21:41:58,974 - services.location_service - INFO - 📍 IP-based Location: 37.5332, 126.9692
2026-07-22 21:41:58,996 - main - INFO - 로컬(위치 기반) 데이터 역매핑을 시작합니다 (좌표: 37.3606, 126.92033, 반경: 0.5km)...
2026-07-22 21:41:59,408 - services.location_service - INFO - OpenStreetMap Reverse Geocoding: 37.361, 126.92 -> 산본2동
2026-07-22 21:41:59,978 - services.location_service - INFO - 📍 IP-based Location: 37.5332, 126.9692
2026-07-22 21:42:10,055 - main - INFO - 글로벌(위치 무관) 데이터 스크래핑을 시작합니다...
2026-07-22 21:42:13,097 - main - INFO - 로컬(위치 기반) 데이터 역매핑을 시작합니다 (좌표: 37.36023, 126.92043, 반경: 3.0km)...
2026-07-22 21:42:13,242 - services.location_service - INFO - OpenStreetMap Reverse Geocoding: 37.36, 126.92 -> 산본2동
2026-07-22 21:42:32,232 - main - INFO - 글로벌(위치 무관) 데이터 스크래핑을 시작합니다...
2026-07-22 21:42:33,968 - services.location_service - INFO - OpenStreetMap Reverse Geocoding: 37.36, 126.92 -> 산본2동
2026-07-22 21:42:38,290 - main - INFO - 글로벌(위치 무관) 데이터 스크래핑을 시작합니다...
2026-07-22 21:42:39,658 - services.location_service - INFO - OpenStreetMap Reverse Geocoding: 37.36, 126.92 -> 산본2동
2026-07-22 21:42:49,546 - main - INFO - 글로벌(위치 무관) 데이터 스크래핑을 시작합니다...
2026-07-22 21:42:51,361 - services.location_service - INFO - 📍 IP-based Location: 37.5332, 126.9692
2026-07-22 21:42:54,239 - services.location_service - INFO - 📍 IP-based Location: 37.5332, 126.9692
2026-07-22 21:42:56,141 - services.location_service - INFO - 📍 IP-based Location: 37.5332, 126.9692
2026-07-22 21:42:59,933 - main - INFO - 글로벌(위치 무관) 데이터 스크래핑을 시작합니다...
2026-07-22 21:43:22,012 - main - INFO - 글로벌(위치 무관) 데이터 스크래핑을 시작합니다...
2026-07-22 21:43:23,238 - main - INFO - 로컬(위치 기반) 데이터 역매핑을 시작합니다 (좌표: 37.36023, 126.92043, 반경: 3.0km)...
2026-07-22 21:43:23,642 - services.location_service - INFO - OpenStreetMap Reverse Geocoding: 37.36, 126.92 -> 산본2동
2026-07-22 21:43:26,289 - main - INFO - 로컬(위치 기반) 데이터 역매핑을 시작합니다 (좌표: 37.36023, 126.92043, 반경: 3.0km)...
2026-07-22 21:43:32,387 - main - INFO - 글로벌(위치 무관) 데이터 스크래핑을 시작합니다...
2026-07-22 21:43:35,060 - services.location_service - INFO - 📍 IP-based Location: 37.5332, 126.9692
2026-07-22 21:43:35,082 - main - INFO - 글로벌(위치 무관) 데이터 스크래핑을 시작합니다...
2026-07-22 21:43:37,195 - services.location_service - INFO - 📍 IP-based Location: 37.5332, 126.9692
2026-07-22 21:43:37,205 - services.location_service - ERROR - Failed to reverse geocode: OpenStreetMap Network Timeout Error
Traceback (most recent call last):
  File "/Users/steady/.openclaw/workspace/info_waves/services/location_service.py", line 32, in _cached_get_neighborhood
    resp = _session.get(url, headers=headers, params=params, timeout=5)
  File "/Library/Frameworks/Python.framework/Versions/3.10/lib/python3.10/unittest/mock.py", line 1104, in __call__
    return self._mock_call(*args, **kwargs)
  File "/Library/Frameworks/Python.framework/Versions/3.10/lib/python3.10/unittest/mock.py", line 1108, in _mock_call
    return self._execute_mock_call(*args, **kwargs)
  File "/Library/Frameworks/Python.framework/Versions/3.10/lib/python3.10/unittest/mock.py", line 1163, in _execute_mock_call
    raise effect
Exception: OpenStreetMap Network Timeout Error
2026-07-22 21:43:37,212 - services.location_service - WARNING - Failed to fetch IP-based location (Timeout/Network): IP API Timeout
2026-07-22 21:43:38,010 - main - INFO - 글로벌(위치 무관) 데이터 스크래핑을 시작합니다...
2026-07-22 21:43:38,012 - main - INFO - 로컬(위치 기반) 데이터 역매핑을 시작합니다 (좌표: 37.36066, 126.92819, 반경: 3.0km)...
2026-07-22 21:43:38,327 - services.location_service - INFO - OpenStreetMap Reverse Geocoding: 37.498, 127.028 -> 역삼1동
2026-07-22 21:43:40,823 - services.location_service - INFO - OpenStreetMap Reverse Geocoding: 37.522, 126.924 -> 여의도동
2026-07-22 21:43:43,096 - services.location_service - INFO - OpenStreetMap Reverse Geocoding: 37.557, 126.924 -> 동교동
2026-07-22 21:43:45,472 - services.location_service - INFO - OpenStreetMap Reverse Geocoding: 37.36, 126.92 -> 산본2동
2026-07-22 21:43:45,533 - services.location_service - INFO - OpenStreetMap Reverse Geocoding: 37.395, 127.111 -> 백현동
2026-07-22 21:43:46,921 - services.location_service - INFO - OpenStreetMap Reverse Geocoding: 37.266, 127.0 -> 매산로1가
2026-07-22 21:43:48,274 - services.location_service - INFO - OpenStreetMap Reverse Geocoding: 37.489, 126.725 -> 부평동
2026-07-22 21:43:50,803 - services.location_service - INFO - OpenStreetMap Reverse Geocoding: 35.158, 129.059 -> 범전동
2026-07-22 21:43:52,302 - services.location_service - INFO - OpenStreetMap Reverse Geocoding: 35.871, 128.594 -> 동일동
2026-07-22 21:43:54,334 - services.location_service - INFO - OpenStreetMap Reverse Geocoding: 36.358, 127.382 -> 둔산동
2026-07-22 21:43:57,319 - main - INFO - 로컬(위치 기반) 데이터 역매핑을 시작합니다 (좌표: 37.36066, 126.92819, 반경: 3.0km)...
2026-07-22 21:43:57,398 - services.location_service - INFO - OpenStreetMap Reverse Geocoding: 37.361, 126.928 -> 산본2동
2026-07-22 21:43:57,400 - services.location_service - INFO - OpenStreetMap Reverse Geocoding: 37.36, 126.928 -> 산본동
2026-07-22 21:43:57,424 - main - INFO - 로컬(위치 기반) 데이터 역매핑을 시작합니다 (좌표: 37.36066, 126.92819, 반경: 3.0km)...
2026-07-22 21:43:57,515 - main - INFO - 로컬(위치 기반) 데이터 역매핑을 시작합니다 (좌표: 37.36066, 126.92819, 반경: 3.0km)...
2026-07-22 21:43:57,516 - main - INFO - 로컬(위치 기반) 데이터 역매핑을 시작합니다 (좌표: 37.36066, 126.92819, 반경: 3.0km)...
2026-07-22 21:43:57,517 - main - INFO - 로컬(위치 기반) 데이터 역매핑을 시작합니다 (좌표: 37.36066, 126.92819, 반경: 3.0km)...
2026-07-22 21:43:57,517 - main - INFO - 로컬(위치 기반) 데이터 역매핑을 시작합니다 (좌표: 37.36066, 126.92819, 반경: 3.0km)...
2026-07-22 21:43:57,517 - main - INFO - 로컬(위치 기반) 데이터 역매핑을 시작합니다 (좌표: 37.36066, 126.92819, 반경: 3.0km)...
2026-07-22 21:43:57,519 - services.location_service - ERROR - Failed to search place 강남역: Kakao Map API Network Timeout
Traceback (most recent call last):
  File "/Users/steady/.openclaw/workspace/info_waves/services/location_service.py", line 244, in search_place
    resp = _session.get(url, headers=headers, timeout=5)
  File "/Library/Frameworks/Python.framework/Versions/3.10/lib/python3.10/unittest/mock.py", line 1104, in __call__
    return self._mock_call(*args, **kwargs)
  File "/Library/Frameworks/Python.framework/Versions/3.10/lib/python3.10/unittest/mock.py", line 1108, in _mock_call
    return self._execute_mock_call(*args, **kwargs)
  File "/Library/Frameworks/Python.framework/Versions/3.10/lib/python3.10/unittest/mock.py", line 1163, in _execute_mock_call
    raise effect
Exception: Kakao Map API Network Timeout
2026-07-22 21:44:19,110 - services.location_service - INFO - 📍 IP-based Location: 37.5332, 126.9692
2026-07-22 21:44:22,213 - services.location_service - INFO - 📍 IP-based Location: 37.5332, 126.9692
2026-07-22 21:44:23,724 - services.location_service - INFO - 📍 IP-based Location: 37.5332, 126.9692
2026-07-22 21:44:25,038 - services.location_service - INFO - 📍 IP-based Location: 37.5332, 126.9692
2026-07-22 21:44:25,115 - main - INFO - 로컬(위치 기반) 데이터 역매핑을 시작합니다 (좌표: 37.3606, 126.92033, 반경: 3.0km)...
2026-07-22 21:44:25,263 - services.location_service - INFO - OpenStreetMap Reverse Geocoding: 37.361, 126.92 -> 산본2동
2026-07-22 21:44:28,405 - services.location_service - INFO - 📍 IP-based Location: 37.5332, 126.9692
2026-07-22 21:45:07,977 - services.location_service - INFO - 📍 IP-based Location: 37.5332, 126.9692
2026-07-22 21:45:09,554 - services.location_service - INFO - 📍 IP-based Location: 37.5332, 126.9692
2026-07-22 21:45:10,097 - main - INFO - 글로벌(위치 무관) 데이터 스크래핑을 시작합니다...
2026-07-22 21:45:11,598 - services.location_service - INFO - 📍 IP-based Location: 37.5332, 126.9692
2026-07-22 21:45:11,625 - main - INFO - 로컬(위치 기반) 데이터 역매핑을 시작합니다 (좌표: 37.40186, 126.92264, 반경: 3.0km)...
2026-07-22 21:45:12,338 - services.location_service - INFO - OpenStreetMap Reverse Geocoding: 37.402, 126.923 -> 안양동
2026-07-22 21:45:13,068 - main - INFO - 로컬(위치 기반) 데이터 역매핑을 시작합니다 (좌표: 37.49795, 127.02762, 반경: 3.0km)...
2026-07-22 21:45:13,324 - services.location_service - INFO - OpenStreetMap Reverse Geocoding: 37.498, 127.028 -> 역삼1동
2026-07-22 21:45:15,332 - services.location_service - INFO - 📍 IP-based Location: 37.5332, 126.9692
2026-07-22 21:45:15,435 - main - INFO - 로컬(위치 기반) 데이터 역매핑을 시작합니다 (좌표: 37.49795, 127.02762, 반경: 3.0km)...
2026-07-22 21:45:15,443 - main - INFO - 로컬(위치 기반) 데이터 역매핑을 시작합니다 (좌표: 37.5216, 126.9242, 반경: 3.0km)...
2026-07-22 21:45:15,503 - services.location_service - INFO - OpenStreetMap Reverse Geocoding: 37.522, 126.924 -> 여의도동
2026-07-22 21:45:16,827 - main - INFO - 로컬(위치 기반) 데이터 역매핑을 시작합니다 (좌표: 37.5216, 126.9242, 반경: 3.0km)...
2026-07-22 21:45:16,839 - main - INFO - 로컬(위치 기반) 데이터 역매핑을 시작합니다 (좌표: 37.5575, 126.9245, 반경: 3.0km)...
2026-07-22 21:45:16,873 - services.location_service - INFO - OpenStreetMap Reverse Geocoding: 37.557, 126.924 -> 동교동
2026-07-22 21:45:20,099 - main - INFO - 로컬(위치 기반) 데이터 역매핑을 시작합니다 (좌표: 37.5575, 126.9245, 반경: 3.0km)...
2026-07-22 21:45:20,108 - main - INFO - 로컬(위치 기반) 데이터 역매핑을 시작합니다 (좌표: 37.36023, 126.92043, 반경: 3.0km)...
2026-07-22 21:45:20,484 - services.location_service - INFO - OpenStreetMap Reverse Geocoding: 37.36, 126.92 -> 산본2동
2026-07-22 21:45:22,244 - main - INFO - 로컬(위치 기반) 데이터 역매핑을 시작합니다 (좌표: 37.36023, 126.92043, 반경: 3.0km)...
2026-07-22 21:45:22,251 - main - INFO - 로컬(위치 기반) 데이터 역매핑을 시작합니다 (좌표: 37.3947, 127.1112, 반경: 3.0km)...
2026-07-22 21:45:22,303 - services.location_service - INFO - OpenStreetMap Reverse Geocoding: 37.395, 127.111 -> 백현동
2026-07-22 21:45:23,575 - main - INFO - 로컬(위치 기반) 데이터 역매핑을 시작합니다 (좌표: 37.3947, 127.1112, 반경: 3.0km)...
2026-07-22 21:45:23,583 - main - INFO - 로컬(위치 기반) 데이터 역매핑을 시작합니다 (좌표: 37.2656, 127.0, 반경: 3.0km)...
2026-07-22 21:45:23,631 - services.location_service - INFO - OpenStreetMap Reverse Geocoding: 37.266, 127.0 -> 매산로1가
2026-07-22 21:45:25,179 - main - INFO - 로컬(위치 기반) 데이터 역매핑을 시작합니다 (좌표: 37.2656, 127.0, 반경: 3.0km)...
2026-07-22 21:45:25,187 - main - INFO - 로컬(위치 기반) 데이터 역매핑을 시작합니다 (좌표: 37.4895, 126.7248, 반경: 3.0km)...
2026-07-22 21:45:25,234 - services.location_service - INFO - OpenStreetMap Reverse Geocoding: 37.489, 126.725 -> 부평동
2026-07-22 21:45:26,283 - main - INFO - 로컬(위치 기반) 데이터 역매핑을 시작합니다 (좌표: 37.4895, 126.7248, 반경: 3.0km)...
2026-07-22 21:45:26,295 - main - INFO - 로컬(위치 기반) 데이터 역매핑을 시작합니다 (좌표: 35.1578, 129.0592, 반경: 3.0km)...
2026-07-22 21:45:26,361 - services.location_service - INFO - OpenStreetMap Reverse Geocoding: 35.158, 129.059 -> 범전동
2026-07-22 21:45:27,108 - services.location_service - INFO - 📍 IP-based Location: 37.5332, 126.9692
2026-07-22 21:45:27,152 - app - INFO - 📍 Returning to My Device Location: (37.360579, 126.920332)
2026-07-22 21:45:27,733 - services.location_service - INFO - 📍 IP-based Location: 37.5332, 126.9692
2026-07-22 21:45:27,740 - main - INFO - 로컬(위치 기반) 데이터 역매핑을 시작합니다 (좌표: 35.1578, 129.0592, 반경: 3.0km)...
2026-07-22 21:45:27,753 - main - INFO - 로컬(위치 기반) 데이터 역매핑을 시작합니다 (좌표: 35.8714, 128.5942, 반경: 3.0km)...
2026-07-22 21:45:27,820 - services.location_service - INFO - OpenStreetMap Reverse Geocoding: 35.871, 128.594 -> 동일동
2026-07-22 21:45:29,529 - main - INFO - 로컬(위치 기반) 데이터 역매핑을 시작합니다 (좌표: 35.8714, 128.5942, 반경: 3.0km)...
2026-07-22 21:45:29,538 - main - INFO - 로컬(위치 기반) 데이터 역매핑을 시작합니다 (좌표: 36.3578, 127.3822, 반경: 3.0km)...
2026-07-22 21:45:29,611 - services.location_service - INFO - OpenStreetMap Reverse Geocoding: 36.358, 127.382 -> 둔산동
2026-07-22 21:45:30,912 - main - INFO - 로컬(위치 기반) 데이터 역매핑을 시작합니다 (좌표: 36.3578, 127.3822, 반경: 3.0km)...
2026-07-22 21:49:50,668 - main - INFO - 글로벌(위치 무관) 데이터 스크래핑을 시작합니다...
2026-07-22 21:49:54,409 - services.location_service - INFO - 📍 IP-based Location: 37.5332, 126.9692
2026-07-22 21:49:54,426 - main - INFO - 글로벌(위치 무관) 데이터 스크래핑을 시작합니다...
2026-07-22 21:49:56,185 - services.location_service - INFO - 📍 IP-based Location: 37.5332, 126.9692
2026-07-22 21:49:56,196 - services.location_service - ERROR - Failed to reverse geocode: OpenStreetMap Network Timeout Error
Traceback (most recent call last):
  File "/Users/steady/.openclaw/workspace/info_waves/services/location_service.py", line 32, in _cached_get_neighborhood
    resp = _session.get(url, headers=headers, params=params, timeout=5)
  File "/Library/Frameworks/Python.framework/Versions/3.10/lib/python3.10/unittest/mock.py", line 1104, in __call__
    return self._mock_call(*args, **kwargs)
  File "/Library/Frameworks/Python.framework/Versions/3.10/lib/python3.10/unittest/mock.py", line 1108, in _mock_call
    return self._execute_mock_call(*args, **kwargs)
  File "/Library/Frameworks/Python.framework/Versions/3.10/lib/python3.10/unittest/mock.py", line 1163, in _execute_mock_call
    raise effect
Exception: OpenStreetMap Network Timeout Error
2026-07-22 21:49:56,202 - services.location_service - WARNING - Failed to fetch IP-based location (Timeout/Network): IP API Timeout
2026-07-22 21:49:57,195 - main - INFO - 글로벌(위치 무관) 데이터 스크래핑을 시작합니다...
2026-07-22 21:49:57,197 - main - INFO - 로컬(위치 기반) 데이터 역매핑을 시작합니다 (좌표: 37.36066, 126.92819, 반경: 3.0km)...
2026-07-22 21:49:57,515 - services.location_service - INFO - OpenStreetMap Reverse Geocoding: 37.498, 127.028 -> 역삼1동
2026-07-22 21:49:57,596 - services.location_service - INFO - OpenStreetMap Reverse Geocoding: 37.522, 126.924 -> 여의도동
2026-07-22 21:49:57,670 - services.location_service - INFO - OpenStreetMap Reverse Geocoding: 37.557, 126.924 -> 동교동
2026-07-22 21:49:57,713 - services.location_service - INFO - OpenStreetMap Reverse Geocoding: 37.36, 126.92 -> 산본2동
2026-07-22 21:49:57,772 - services.location_service - INFO - OpenStreetMap Reverse Geocoding: 37.395, 127.111 -> 백현동
2026-07-22 21:49:57,854 - services.location_service - INFO - OpenStreetMap Reverse Geocoding: 37.266, 127.0 -> 매산로1가
2026-07-22 21:49:57,912 - services.location_service - INFO - OpenStreetMap Reverse Geocoding: 37.489, 126.725 -> 부평동
2026-07-22 21:49:57,968 - services.location_service - INFO - OpenStreetMap Reverse Geocoding: 35.158, 129.059 -> 범전동
2026-07-22 21:49:58,032 - services.location_service - INFO - OpenStreetMap Reverse Geocoding: 35.871, 128.594 -> 동일동
2026-07-22 21:49:58,096 - services.location_service - INFO - OpenStreetMap Reverse Geocoding: 36.358, 127.382 -> 둔산동
2026-07-22 21:49:58,122 - main - INFO - 로컬(위치 기반) 데이터 역매핑을 시작합니다 (좌표: 37.36066, 126.92819, 반경: 3.0km)...
2026-07-22 21:49:58,183 - services.location_service - INFO - OpenStreetMap Reverse Geocoding: 37.361, 126.928 -> 산본2동
2026-07-22 21:49:58,186 - services.location_service - INFO - OpenStreetMap Reverse Geocoding: 37.36, 126.928 -> 산본동
2026-07-22 21:49:58,246 - main - INFO - 로컬(위치 기반) 데이터 역매핑을 시작합니다 (좌표: 37.36066, 126.92819, 반경: 3.0km)...
2026-07-22 21:49:58,308 - main - INFO - 로컬(위치 기반) 데이터 역매핑을 시작합니다 (좌표: 37.36066, 126.92819, 반경: 3.0km)...
2026-07-22 21:49:58,309 - main - INFO - 로컬(위치 기반) 데이터 역매핑을 시작합니다 (좌표: 37.36066, 126.92819, 반경: 3.0km)...
2026-07-22 21:49:58,309 - main - INFO - 로컬(위치 기반) 데이터 역매핑을 시작합니다 (좌표: 37.36066, 126.92819, 반경: 3.0km)...
2026-07-22 21:49:58,310 - main - INFO - 로컬(위치 기반) 데이터 역매핑을 시작합니다 (좌표: 37.36066, 126.92819, 반경: 3.0km)...
2026-07-22 21:49:58,310 - main - INFO - 로컬(위치 기반) 데이터 역매핑을 시작합니다 (좌표: 37.36066, 126.92819, 반경: 3.0km)...
2026-07-22 21:49:58,312 - services.location_service - ERROR - Failed to search place 강남역: Kakao Map API Network Timeout
Traceback (most recent call last):
  File "/Users/steady/.openclaw/workspace/info_waves/services/location_service.py", line 244, in search_place
    resp = _session.get(url, headers=headers, timeout=5)
  File "/Library/Frameworks/Python.framework/Versions/3.10/lib/python3.10/unittest/mock.py", line 1104, in __call__
    return self._mock_call(*args, **kwargs)
  File "/Library/Frameworks/Python.framework/Versions/3.10/lib/python3.10/unittest/mock.py", line 1108, in _mock_call
    return self._execute_mock_call(*args, **kwargs)
  File "/Library/Frameworks/Python.framework/Versions/3.10/lib/python3.10/unittest/mock.py", line 1163, in _execute_mock_call
    raise effect
Exception: Kakao Map API Network Timeout
2026-07-22 21:50:05,754 - main - INFO - 글로벌(위치 무관) 데이터 스크래핑을 시작합니다...
2026-07-22 21:50:07,658 - services.location_service - INFO - 📍 IP-based Location: 37.5332, 126.9692
2026-07-22 21:50:07,679 - main - INFO - 글로벌(위치 무관) 데이터 스크래핑을 시작합니다...
2026-07-22 21:50:09,432 - services.location_service - INFO - 📍 IP-based Location: 37.5332, 126.9692
2026-07-22 21:50:09,440 - services.location_service - ERROR - Failed to reverse geocode: OpenStreetMap Network Timeout Error
Traceback (most recent call last):
  File "/Users/steady/.openclaw/workspace/info_waves/services/location_service.py", line 32, in _cached_get_neighborhood
    resp = _session.get(url, headers=headers, params=params, timeout=5)
  File "/Library/Frameworks/Python.framework/Versions/3.10/lib/python3.10/unittest/mock.py", line 1104, in __call__
    return self._mock_call(*args, **kwargs)
  File "/Library/Frameworks/Python.framework/Versions/3.10/lib/python3.10/unittest/mock.py", line 1108, in _mock_call
    return self._execute_mock_call(*args, **kwargs)
  File "/Library/Frameworks/Python.framework/Versions/3.10/lib/python3.10/unittest/mock.py", line 1163, in _execute_mock_call
    raise effect
Exception: OpenStreetMap Network Timeout Error
2026-07-22 21:50:09,444 - services.location_service - WARNING - Failed to fetch IP-based location (Timeout/Network): IP API Timeout
2026-07-22 21:50:09,452 - main - INFO - 글로벌(위치 무관) 데이터 스크래핑을 시작합니다...
2026-07-22 21:50:09,454 - main - INFO - 로컬(위치 기반) 데이터 역매핑을 시작합니다 (좌표: 37.36066, 126.92819, 반경: 3.0km)...
2026-07-22 21:50:09,614 - services.location_service - INFO - OpenStreetMap Reverse Geocoding: 37.498, 127.028 -> 역삼1동
2026-07-22 21:50:09,674 - services.location_service - INFO - OpenStreetMap Reverse Geocoding: 37.522, 126.924 -> 여의도동
2026-07-22 21:50:09,731 - services.location_service - INFO - OpenStreetMap Reverse Geocoding: 37.557, 126.924 -> 동교동
2026-07-22 21:50:09,813 - services.location_service - INFO - OpenStreetMap Reverse Geocoding: 37.36, 126.92 -> 산본2동
2026-07-22 21:50:09,890 - services.location_service - INFO - OpenStreetMap Reverse Geocoding: 37.395, 127.111 -> 백현동
2026-07-22 21:50:09,943 - services.location_service - INFO - OpenStreetMap Reverse Geocoding: 37.266, 127.0 -> 매산로1가
2026-07-22 21:50:09,997 - services.location_service - INFO - OpenStreetMap Reverse Geocoding: 37.489, 126.725 -> 부평동
2026-07-22 21:50:10,054 - services.location_service - INFO - OpenStreetMap Reverse Geocoding: 35.158, 129.059 -> 범전동
2026-07-22 21:50:10,106 - services.location_service - INFO - OpenStreetMap Reverse Geocoding: 35.871, 128.594 -> 동일동
2026-07-22 21:50:11,694 - services.location_service - ERROR - Failed to reverse geocode: 429 Client Error: Too many requests for url: https://nominatim.openstreetmap.org/reverse?lat=36.358&lon=127.382&format=json&zoom=14
Traceback (most recent call last):
  File "/Users/steady/.openclaw/workspace/info_waves/services/location_service.py", line 33, in _cached_get_neighborhood
    resp.raise_for_status()
  File "/Users/steady/.openclaw/workspace/info_waves/venv/lib/python3.10/site-packages/requests/models.py", line 1021, in raise_for_status
    raise HTTPError(http_error_msg, response=self)
requests.exceptions.HTTPError: 429 Client Error: Too many requests for url: https://nominatim.openstreetmap.org/reverse?lat=36.358&lon=127.382&format=json&zoom=14
2026-07-22 21:50:13,566 - main - INFO - 로컬(위치 기반) 데이터 역매핑을 시작합니다 (좌표: 37.36066, 126.92819, 반경: 3.0km)...
2026-07-22 21:50:15,056 - services.location_service - ERROR - Failed to reverse geocode: 429 Client Error: Too many requests for url: https://nominatim.openstreetmap.org/reverse?lat=37.361&lon=126.928&format=json&zoom=14
Traceback (most recent call last):
  File "/Users/steady/.openclaw/workspace/info_waves/services/location_service.py", line 33, in _cached_get_neighborhood
    resp.raise_for_status()
  File "/Users/steady/.openclaw/workspace/info_waves/venv/lib/python3.10/site-packages/requests/models.py", line 1021, in raise_for_status
    raise HTTPError(http_error_msg, response=self)
requests.exceptions.HTTPError: 429 Client Error: Too many requests for url: https://nominatim.openstreetmap.org/reverse?lat=37.361&lon=126.928&format=json&zoom=14
2026-07-22 21:50:15,063 - services.location_service - INFO - OpenStreetMap Reverse Geocoding: 37.36, 126.928 -> 산본동
2026-07-22 21:50:15,076 - main - INFO - 로컬(위치 기반) 데이터 역매핑을 시작합니다 (좌표: 37.36066, 126.92819, 반경: 3.0km)...
2026-07-22 21:50:15,121 - main - INFO - 로컬(위치 기반) 데이터 역매핑을 시작합니다 (좌표: 37.36066, 126.92819, 반경: 3.0km)...
2026-07-22 21:50:15,121 - main - INFO - 로컬(위치 기반) 데이터 역매핑을 시작합니다 (좌표: 37.36066, 126.92819, 반경: 3.0km)...
2026-07-22 21:50:15,122 - main - INFO - 로컬(위치 기반) 데이터 역매핑을 시작합니다 (좌표: 37.36066, 126.92819, 반경: 3.0km)...
2026-07-22 21:50:15,123 - main - INFO - 로컬(위치 기반) 데이터 역매핑을 시작합니다 (좌표: 37.36066, 126.92819, 반경: 3.0km)...
2026-07-22 21:50:15,123 - main - INFO - 로컬(위치 기반) 데이터 역매핑을 시작합니다 (좌표: 37.36066, 126.92819, 반경: 3.0km)...
2026-07-22 21:50:15,124 - services.location_service - ERROR - Failed to search place 강남역: Kakao Map API Network Timeout
Traceback (most recent call last):
  File "/Users/steady/.openclaw/workspace/info_waves/services/location_service.py", line 244, in search_place
    resp = _session.get(url, headers=headers, timeout=5)
  File "/Library/Frameworks/Python.framework/Versions/3.10/lib/python3.10/unittest/mock.py", line 1104, in __call__
    return self._mock_call(*args, **kwargs)
  File "/Library/Frameworks/Python.framework/Versions/3.10/lib/python3.10/unittest/mock.py", line 1108, in _mock_call
    return self._execute_mock_call(*args, **kwargs)
  File "/Library/Frameworks/Python.framework/Versions/3.10/lib/python3.10/unittest/mock.py", line 1163, in _execute_mock_call
    raise effect
Exception: Kakao Map API Network Timeout
2026-07-22 21:56:53,129 - main - INFO - 글로벌(위치 무관) 데이터 스크래핑을 시작합니다...
2026-07-22 21:56:56,633 - services.location_service - INFO - 📍 IP-based Location: 37.5332, 126.9692
2026-07-22 21:56:57,330 - services.location_service - INFO - 📍 IP-based Location: 37.5332, 126.9692
2026-07-22 21:56:57,332 - app - INFO - 📍 Device Real Location Initialized: 37.360625, 126.920297
2026-07-22 21:56:57,900 - services.location_service - INFO - 📍 IP-based Location: 37.5332, 126.9692
2026-07-22 21:57:03,684 - services.location_service - INFO - 📍 IP-based Location: 37.5332, 126.9692
2026-07-22 21:57:04,639 - services.location_service - INFO - 📍 IP-based Location: 37.5332, 126.9692
2026-07-22 21:57:14,788 - main - INFO - 글로벌(위치 무관) 데이터 스크래핑을 시작합니다...
2026-07-22 21:57:16,924 - services.location_service - INFO - 📍 IP-based Location: 37.5332, 126.9692
2026-07-22 21:57:16,941 - main - INFO - 글로벌(위치 무관) 데이터 스크래핑을 시작합니다...
2026-07-22 21:57:18,762 - services.location_service - INFO - 📍 IP-based Location: 37.5332, 126.9692
2026-07-22 21:57:18,769 - services.location_service - ERROR - Failed to reverse geocode: OpenStreetMap Network Timeout Error
Traceback (most recent call last):
  File "/Users/steady/.openclaw/workspace/info_waves/services/location_service.py", line 32, in _cached_get_neighborhood
    resp = _session.get(url, headers=headers, params=params, timeout=5)
  File "/Library/Frameworks/Python.framework/Versions/3.10/lib/python3.10/unittest/mock.py", line 1104, in __call__
    return self._mock_call(*args, **kwargs)
  File "/Library/Frameworks/Python.framework/Versions/3.10/lib/python3.10/unittest/mock.py", line 1108, in _mock_call
    return self._execute_mock_call(*args, **kwargs)
  File "/Library/Frameworks/Python.framework/Versions/3.10/lib/python3.10/unittest/mock.py", line 1163, in _execute_mock_call
    raise effect
Exception: OpenStreetMap Network Timeout Error
2026-07-22 21:57:18,774 - services.location_service - WARNING - Failed to fetch IP-based location (Timeout/Network): IP API Timeout
2026-07-22 21:57:18,784 - main - INFO - 글로벌(위치 무관) 데이터 스크래핑을 시작합니다...
2026-07-22 21:57:18,786 - main - INFO - 로컬(위치 기반) 데이터 역매핑을 시작합니다 (좌표: 37.36066, 126.92819, 반경: 3.0km)...
2026-07-22 21:57:20,608 - services.location_service - ERROR - Failed to reverse geocode: 429 Client Error: Too many requests for url: https://nominatim.openstreetmap.org/reverse?lat=37.498&lon=127.028&format=json&zoom=14
Traceback (most recent call last):
  File "/Users/steady/.openclaw/workspace/info_waves/services/location_service.py", line 33, in _cached_get_neighborhood
    resp.raise_for_status()
  File "/Users/steady/.openclaw/workspace/info_waves/venv/lib/python3.10/site-packages/requests/models.py", line 1021, in raise_for_status
    raise HTTPError(http_error_msg, response=self)
requests.exceptions.HTTPError: 429 Client Error: Too many requests for url: https://nominatim.openstreetmap.org/reverse?lat=37.498&lon=127.028&format=json&zoom=14
2026-07-22 21:57:24,623 - services.location_service - ERROR - Failed to reverse geocode: 429 Client Error: Too many requests for url: https://nominatim.openstreetmap.org/reverse?lat=37.522&lon=126.924&format=json&zoom=14
Traceback (most recent call last):
  File "/Users/steady/.openclaw/workspace/info_waves/services/location_service.py", line 33, in _cached_get_neighborhood
    resp.raise_for_status()
  File "/Users/steady/.openclaw/workspace/info_waves/venv/lib/python3.10/site-packages/requests/models.py", line 1021, in raise_for_status
    raise HTTPError(http_error_msg, response=self)
requests.exceptions.HTTPError: 429 Client Error: Too many requests for url: https://nominatim.openstreetmap.org/reverse?lat=37.522&lon=126.924&format=json&zoom=14
2026-07-22 21:57:26,471 - services.location_service - ERROR - Failed to reverse geocode: 429 Client Error: Too many requests for url: https://nominatim.openstreetmap.org/reverse?lat=37.557&lon=126.924&format=json&zoom=14
Traceback (most recent call last):
  File "/Users/steady/.openclaw/workspace/info_waves/services/location_service.py", line 33, in _cached_get_neighborhood
    resp.raise_for_status()
  File "/Users/steady/.openclaw/workspace/info_waves/venv/lib/python3.10/site-packages/requests/models.py", line 1021, in raise_for_status
    raise HTTPError(http_error_msg, response=self)
requests.exceptions.HTTPError: 429 Client Error: Too many requests for url: https://nominatim.openstreetmap.org/reverse?lat=37.557&lon=126.924&format=json&zoom=14
2026-07-22 21:57:29,997 - services.location_service - ERROR - Failed to reverse geocode: 429 Client Error: Too many requests for url: https://nominatim.openstreetmap.org/reverse?lat=37.36&lon=126.92&format=json&zoom=14
Traceback (most recent call last):
  File "/Users/steady/.openclaw/workspace/info_waves/services/location_service.py", line 33, in _cached_get_neighborhood
    resp.raise_for_status()
  File "/Users/steady/.openclaw/workspace/info_waves/venv/lib/python3.10/site-packages/requests/models.py", line 1021, in raise_for_status
    raise HTTPError(http_error_msg, response=self)
requests.exceptions.HTTPError: 429 Client Error: Too many requests for url: https://nominatim.openstreetmap.org/reverse?lat=37.36&lon=126.92&format=json&zoom=14
2026-07-22 21:57:33,623 - services.location_service - ERROR - Failed to reverse geocode: 429 Client Error: Too many requests for url: https://nominatim.openstreetmap.org/reverse?lat=37.395&lon=127.111&format=json&zoom=14
Traceback (most recent call last):
  File "/Users/steady/.openclaw/workspace/info_waves/services/location_service.py", line 33, in _cached_get_neighborhood
    resp.raise_for_status()
  File "/Users/steady/.openclaw/workspace/info_waves/venv/lib/python3.10/site-packages/requests/models.py", line 1021, in raise_for_status
    raise HTTPError(http_error_msg, response=self)
requests.exceptions.HTTPError: 429 Client Error: Too many requests for url: https://nominatim.openstreetmap.org/reverse?lat=37.395&lon=127.111&format=json&zoom=14
2026-07-22 21:57:36,734 - services.location_service - ERROR - Failed to reverse geocode: 429 Client Error: Too many requests for url: https://nominatim.openstreetmap.org/reverse?lat=37.266&lon=127.0&format=json&zoom=14
Traceback (most recent call last):
  File "/Users/steady/.openclaw/workspace/info_waves/services/location_service.py", line 33, in _cached_get_neighborhood
    resp.raise_for_status()
  File "/Users/steady/.openclaw/workspace/info_waves/venv/lib/python3.10/site-packages/requests/models.py", line 1021, in raise_for_status
    raise HTTPError(http_error_msg, response=self)
requests.exceptions.HTTPError: 429 Client Error: Too many requests for url: https://nominatim.openstreetmap.org/reverse?lat=37.266&lon=127.0&format=json&zoom=14
2026-07-22 21:57:40,307 - services.location_service - ERROR - Failed to reverse geocode: 429 Client Error: Too many requests for url: https://nominatim.openstreetmap.org/reverse?lat=37.489&lon=126.725&format=json&zoom=14
Traceback (most recent call last):
  File "/Users/steady/.openclaw/workspace/info_waves/services/location_service.py", line 33, in _cached_get_neighborhood
    resp.raise_for_status()
  File "/Users/steady/.openclaw/workspace/info_waves/venv/lib/python3.10/site-packages/requests/models.py", line 1021, in raise_for_status
    raise HTTPError(http_error_msg, response=self)
requests.exceptions.HTTPError: 429 Client Error: Too many requests for url: https://nominatim.openstreetmap.org/reverse?lat=37.489&lon=126.725&format=json&zoom=14
2026-07-22 21:57:43,672 - services.location_service - ERROR - Failed to reverse geocode: 429 Client Error: Too many requests for url: https://nominatim.openstreetmap.org/reverse?lat=35.158&lon=129.059&format=json&zoom=14
Traceback (most recent call last):
  File "/Users/steady/.openclaw/workspace/info_waves/services/location_service.py", line 33, in _cached_get_neighborhood
    resp.raise_for_status()
  File "/Users/steady/.openclaw/workspace/info_waves/venv/lib/python3.10/site-packages/requests/models.py", line 1021, in raise_for_status
    raise HTTPError(http_error_msg, response=self)
requests.exceptions.HTTPError: 429 Client Error: Too many requests for url: https://nominatim.openstreetmap.org/reverse?lat=35.158&lon=129.059&format=json&zoom=14
2026-07-22 21:57:46,554 - services.location_service - ERROR - Failed to reverse geocode: 429 Client Error: Too many requests for url: https://nominatim.openstreetmap.org/reverse?lat=35.871&lon=128.594&format=json&zoom=14
Traceback (most recent call last):
  File "/Users/steady/.openclaw/workspace/info_waves/services/location_service.py", line 33, in _cached_get_neighborhood
    resp.raise_for_status()
  File "/Users/steady/.openclaw/workspace/info_waves/venv/lib/python3.10/site-packages/requests/models.py", line 1021, in raise_for_status
    raise HTTPError(http_error_msg, response=self)
requests.exceptions.HTTPError: 429 Client Error: Too many requests for url: https://nominatim.openstreetmap.org/reverse?lat=35.871&lon=128.594&format=json&zoom=14
2026-07-22 21:57:49,970 - services.location_service - ERROR - Failed to reverse geocode: 429 Client Error: Too many requests for url: https://nominatim.openstreetmap.org/reverse?lat=36.358&lon=127.382&format=json&zoom=14
Traceback (most recent call last):
  File "/Users/steady/.openclaw/workspace/info_waves/services/location_service.py", line 33, in _cached_get_neighborhood
    resp.raise_for_status()
  File "/Users/steady/.openclaw/workspace/info_waves/venv/lib/python3.10/site-packages/requests/models.py", line 1021, in raise_for_status
    raise HTTPError(http_error_msg, response=self)
requests.exceptions.HTTPError: 429 Client Error: Too many requests for url: https://nominatim.openstreetmap.org/reverse?lat=36.358&lon=127.382&format=json&zoom=14
2026-07-22 21:57:50,002 - main - INFO - 로컬(위치 기반) 데이터 역매핑을 시작합니다 (좌표: 37.36066, 126.92819, 반경: 3.0km)...
2026-07-22 21:57:51,637 - services.location_service - ERROR - Failed to reverse geocode: 429 Client Error: Too many requests for url: https://nominatim.openstreetmap.org/reverse?lat=37.361&lon=126.928&format=json&zoom=14
Traceback (most recent call last):
  File "/Users/steady/.openclaw/workspace/info_waves/services/location_service.py", line 33, in _cached_get_neighborhood
    resp.raise_for_status()
  File "/Users/steady/.openclaw/workspace/info_waves/venv/lib/python3.10/site-packages/requests/models.py", line 1021, in raise_for_status
    raise HTTPError(http_error_msg, response=self)
requests.exceptions.HTTPError: 429 Client Error: Too many requests for url: https://nominatim.openstreetmap.org/reverse?lat=37.361&lon=126.928&format=json&zoom=14
2026-07-22 21:57:51,645 - services.location_service - INFO - OpenStreetMap Reverse Geocoding: 37.36, 126.928 -> 산본동
2026-07-22 21:57:51,661 - main - INFO - 로컬(위치 기반) 데이터 역매핑을 시작합니다 (좌표: 37.36066, 126.92819, 반경: 3.0km)...
2026-07-22 21:57:51,757 - main - INFO - 로컬(위치 기반) 데이터 역매핑을 시작합니다 (좌표: 37.36066, 126.92819, 반경: 3.0km)...
2026-07-22 21:57:51,758 - main - INFO - 로컬(위치 기반) 데이터 역매핑을 시작합니다 (좌표: 37.36066, 126.92819, 반경: 3.0km)...
2026-07-22 21:57:51,758 - main - INFO - 로컬(위치 기반) 데이터 역매핑을 시작합니다 (좌표: 37.36066, 126.92819, 반경: 3.0km)...
2026-07-22 21:57:51,759 - main - INFO - 로컬(위치 기반) 데이터 역매핑을 시작합니다 (좌표: 37.36066, 126.92819, 반경: 3.0km)...
2026-07-22 21:57:51,759 - main - INFO - 로컬(위치 기반) 데이터 역매핑을 시작합니다 (좌표: 37.36066, 126.92819, 반경: 3.0km)...
2026-07-22 21:57:51,760 - services.location_service - ERROR - Failed to search place 강남역: Kakao Map API Network Timeout
Traceback (most recent call last):
  File "/Users/steady/.openclaw/workspace/info_waves/services/location_service.py", line 244, in search_place
    resp = _session.get(url, headers=headers, timeout=5)
  File "/Library/Frameworks/Python.framework/Versions/3.10/lib/python3.10/unittest/mock.py", line 1104, in __call__
    return self._mock_call(*args, **kwargs)
  File "/Library/Frameworks/Python.framework/Versions/3.10/lib/python3.10/unittest/mock.py", line 1108, in _mock_call
    return self._execute_mock_call(*args, **kwargs)
  File "/Library/Frameworks/Python.framework/Versions/3.10/lib/python3.10/unittest/mock.py", line 1163, in _execute_mock_call
    raise effect
Exception: Kakao Map API Network Timeout
2026-07-22 21:58:04,093 - main - INFO - 글로벌(위치 무관) 데이터 스크래핑을 시작합니다...
2026-07-22 21:58:06,054 - services.location_service - INFO - 📍 IP-based Location: 37.5332, 126.9692
2026-07-22 21:58:06,075 - main - INFO - 글로벌(위치 무관) 데이터 스크래핑을 시작합니다...
2026-07-22 21:58:08,451 - services.location_service - INFO - 📍 IP-based Location: 37.5332, 126.9692
2026-07-22 21:58:08,461 - services.location_service - ERROR - Failed to reverse geocode: OpenStreetMap Network Timeout Error
Traceback (most recent call last):
  File "/Users/steady/.openclaw/workspace/info_waves/services/location_service.py", line 32, in _cached_get_neighborhood
    resp = _session.get(url, headers=headers, params=params, timeout=5)
  File "/Library/Frameworks/Python.framework/Versions/3.10/lib/python3.10/unittest/mock.py", line 1104, in __call__
    return self._mock_call(*args, **kwargs)
  File "/Library/Frameworks/Python.framework/Versions/3.10/lib/python3.10/unittest/mock.py", line 1108, in _mock_call
    return self._execute_mock_call(*args, **kwargs)
  File "/Library/Frameworks/Python.framework/Versions/3.10/lib/python3.10/unittest/mock.py", line 1163, in _execute_mock_call
    raise effect
Exception: OpenStreetMap Network Timeout Error
2026-07-22 21:58:08,466 - services.location_service - WARNING - Failed to fetch IP-based location (Timeout/Network): IP API Timeout
2026-07-22 21:58:08,475 - main - INFO - 글로벌(위치 무관) 데이터 스크래핑을 시작합니다...
2026-07-22 21:58:08,477 - main - INFO - 로컬(위치 기반) 데이터 역매핑을 시작합니다 (좌표: 37.36066, 126.92819, 반경: 3.0km)...
2026-07-22 21:58:10,362 - services.location_service - ERROR - Failed to reverse geocode: 429 Client Error: Too many requests for url: https://nominatim.openstreetmap.org/reverse?lat=37.498&lon=127.028&format=json&zoom=14
Traceback (most recent call last):
  File "/Users/steady/.openclaw/workspace/info_waves/services/location_service.py", line 33, in _cached_get_neighborhood
    resp.raise_for_status()
  File "/Users/steady/.openclaw/workspace/info_waves/venv/lib/python3.10/site-packages/requests/models.py", line 1021, in raise_for_status
    raise HTTPError(http_error_msg, response=self)
requests.exceptions.HTTPError: 429 Client Error: Too many requests for url: https://nominatim.openstreetmap.org/reverse?lat=37.498&lon=127.028&format=json&zoom=14
2026-07-22 21:58:12,362 - services.location_service - ERROR - Failed to reverse geocode: 429 Client Error: Too many requests for url: https://nominatim.openstreetmap.org/reverse?lat=37.522&lon=126.924&format=json&zoom=14
Traceback (most recent call last):
  File "/Users/steady/.openclaw/workspace/info_waves/services/location_service.py", line 33, in _cached_get_neighborhood
    resp.raise_for_status()
  File "/Users/steady/.openclaw/workspace/info_waves/venv/lib/python3.10/site-packages/requests/models.py", line 1021, in raise_for_status
    raise HTTPError(http_error_msg, response=self)
requests.exceptions.HTTPError: 429 Client Error: Too many requests for url: https://nominatim.openstreetmap.org/reverse?lat=37.522&lon=126.924&format=json&zoom=14
2026-07-22 21:58:13,884 - services.location_service - ERROR - Failed to reverse geocode: 429 Client Error: Too many requests for url: https://nominatim.openstreetmap.org/reverse?lat=37.557&lon=126.924&format=json&zoom=14
Traceback (most recent call last):
  File "/Users/steady/.openclaw/workspace/info_waves/services/location_service.py", line 33, in _cached_get_neighborhood
    resp.raise_for_status()
  File "/Users/steady/.openclaw/workspace/info_waves/venv/lib/python3.10/site-packages/requests/models.py", line 1021, in raise_for_status
    raise HTTPError(http_error_msg, response=self)
requests.exceptions.HTTPError: 429 Client Error: Too many requests for url: https://nominatim.openstreetmap.org/reverse?lat=37.557&lon=126.924&format=json&zoom=14
2026-07-22 21:58:15,355 - services.location_service - ERROR - Failed to reverse geocode: 429 Client Error: Too many requests for url: https://nominatim.openstreetmap.org/reverse?lat=37.36&lon=126.92&format=json&zoom=14
Traceback (most recent call last):
  File "/Users/steady/.openclaw/workspace/info_waves/services/location_service.py", line 33, in _cached_get_neighborhood
    resp.raise_for_status()
  File "/Users/steady/.openclaw/workspace/info_waves/venv/lib/python3.10/site-packages/requests/models.py", line 1021, in raise_for_status
    raise HTTPError(http_error_msg, response=self)
requests.exceptions.HTTPError: 429 Client Error: Too many requests for url: https://nominatim.openstreetmap.org/reverse?lat=37.36&lon=126.92&format=json&zoom=14
2026-07-22 21:58:17,357 - services.location_service - ERROR - Failed to reverse geocode: 429 Client Error: Too many requests for url: https://nominatim.openstreetmap.org/reverse?lat=37.395&lon=127.111&format=json&zoom=14
Traceback (most recent call last):
  File "/Users/steady/.openclaw/workspace/info_waves/services/location_service.py", line 33, in _cached_get_neighborhood
    resp.raise_for_status()
  File "/Users/steady/.openclaw/workspace/info_waves/venv/lib/python3.10/site-packages/requests/models.py", line 1021, in raise_for_status
    raise HTTPError(http_error_msg, response=self)
requests.exceptions.HTTPError: 429 Client Error: Too many requests for url: https://nominatim.openstreetmap.org/reverse?lat=37.395&lon=127.111&format=json&zoom=14
2026-07-22 21:58:19,311 - services.location_service - ERROR - Failed to reverse geocode: 429 Client Error: Too many requests for url: https://nominatim.openstreetmap.org/reverse?lat=37.266&lon=127.0&format=json&zoom=14
Traceback (most recent call last):
  File "/Users/steady/.openclaw/workspace/info_waves/services/location_service.py", line 33, in _cached_get_neighborhood
    resp.raise_for_status()
  File "/Users/steady/.openclaw/workspace/info_waves/venv/lib/python3.10/site-packages/requests/models.py", line 1021, in raise_for_status
    raise HTTPError(http_error_msg, response=self)
requests.exceptions.HTTPError: 429 Client Error: Too many requests for url: https://nominatim.openstreetmap.org/reverse?lat=37.266&lon=127.0&format=json&zoom=14
2026-07-22 21:58:21,210 - services.location_service - ERROR - Failed to reverse geocode: 429 Client Error: Too many requests for url: https://nominatim.openstreetmap.org/reverse?lat=37.489&lon=126.725&format=json&zoom=14
Traceback (most recent call last):
  File "/Users/steady/.openclaw/workspace/info_waves/services/location_service.py", line 33, in _cached_get_neighborhood
    resp.raise_for_status()
  File "/Users/steady/.openclaw/workspace/info_waves/venv/lib/python3.10/site-packages/requests/models.py", line 1021, in raise_for_status
    raise HTTPError(http_error_msg, response=self)
requests.exceptions.HTTPError: 429 Client Error: Too many requests for url: https://nominatim.openstreetmap.org/reverse?lat=37.489&lon=126.725&format=json&zoom=14
2026-07-22 21:58:23,340 - services.location_service - ERROR - Failed to reverse geocode: 429 Client Error: Too many requests for url: https://nominatim.openstreetmap.org/reverse?lat=35.158&lon=129.059&format=json&zoom=14
Traceback (most recent call last):
  File "/Users/steady/.openclaw/workspace/info_waves/services/location_service.py", line 33, in _cached_get_neighborhood
    resp.raise_for_status()
  File "/Users/steady/.openclaw/workspace/info_waves/venv/lib/python3.10/site-packages/requests/models.py", line 1021, in raise_for_status
    raise HTTPError(http_error_msg, response=self)
requests.exceptions.HTTPError: 429 Client Error: Too many requests for url: https://nominatim.openstreetmap.org/reverse?lat=35.158&lon=129.059&format=json&zoom=14
2026-07-22 21:58:25,226 - services.location_service - ERROR - Failed to reverse geocode: 429 Client Error: Too many requests for url: https://nominatim.openstreetmap.org/reverse?lat=35.871&lon=128.594&format=json&zoom=14
Traceback (most recent call last):
  File "/Users/steady/.openclaw/workspace/info_waves/services/location_service.py", line 33, in _cached_get_neighborhood
    resp.raise_for_status()
  File "/Users/steady/.openclaw/workspace/info_waves/venv/lib/python3.10/site-packages/requests/models.py", line 1021, in raise_for_status
    raise HTTPError(http_error_msg, response=self)
requests.exceptions.HTTPError: 429 Client Error: Too many requests for url: https://nominatim.openstreetmap.org/reverse?lat=35.871&lon=128.594&format=json&zoom=14
2026-07-22 21:58:26,665 - services.location_service - ERROR - Failed to reverse geocode: 429 Client Error: Too many requests for url: https://nominatim.openstreetmap.org/reverse?lat=36.358&lon=127.382&format=json&zoom=14
Traceback (most recent call last):
  File "/Users/steady/.openclaw/workspace/info_waves/services/location_service.py", line 33, in _cached_get_neighborhood
    resp.raise_for_status()
  File "/Users/steady/.openclaw/workspace/info_waves/venv/lib/python3.10/site-packages/requests/models.py", line 1021, in raise_for_status
    raise HTTPError(http_error_msg, response=self)
requests.exceptions.HTTPError: 429 Client Error: Too many requests for url: https://nominatim.openstreetmap.org/reverse?lat=36.358&lon=127.382&format=json&zoom=14
2026-07-22 21:58:26,745 - main - INFO - 로컬(위치 기반) 데이터 역매핑을 시작합니다 (좌표: 37.36066, 126.92819, 반경: 3.0km)...
2026-07-22 21:58:28,741 - services.location_service - ERROR - Failed to reverse geocode: 429 Client Error: Too many requests for url: https://nominatim.openstreetmap.org/reverse?lat=37.361&lon=126.928&format=json&zoom=14
Traceback (most recent call last):
  File "/Users/steady/.openclaw/workspace/info_waves/services/location_service.py", line 33, in _cached_get_neighborhood
    resp.raise_for_status()
  File "/Users/steady/.openclaw/workspace/info_waves/venv/lib/python3.10/site-packages/requests/models.py", line 1021, in raise_for_status
    raise HTTPError(http_error_msg, response=self)
requests.exceptions.HTTPError: 429 Client Error: Too many requests for url: https://nominatim.openstreetmap.org/reverse?lat=37.361&lon=126.928&format=json&zoom=14
2026-07-22 21:58:28,752 - services.location_service - INFO - OpenStreetMap Reverse Geocoding: 37.36, 126.928 -> 산본동
2026-07-22 21:58:28,765 - main - INFO - 로컬(위치 기반) 데이터 역매핑을 시작합니다 (좌표: 37.36066, 126.92819, 반경: 3.0km)...
2026-07-22 21:58:29,378 - main - INFO - 로컬(위치 기반) 데이터 역매핑을 시작합니다 (좌표: 37.36066, 126.92819, 반경: 3.0km)...
2026-07-22 21:58:29,379 - main - INFO - 로컬(위치 기반) 데이터 역매핑을 시작합니다 (좌표: 37.36066, 126.92819, 반경: 3.0km)...
2026-07-22 21:58:29,381 - main - INFO - 로컬(위치 기반) 데이터 역매핑을 시작합니다 (좌표: 37.36066, 126.92819, 반경: 3.0km)...
2026-07-22 21:58:29,381 - main - INFO - 로컬(위치 기반) 데이터 역매핑을 시작합니다 (좌표: 37.36066, 126.92819, 반경: 3.0km)...
2026-07-22 21:58:29,382 - main - INFO - 로컬(위치 기반) 데이터 역매핑을 시작합니다 (좌표: 37.36066, 126.92819, 반경: 3.0km)...
2026-07-22 21:58:29,384 - services.location_service - ERROR - Failed to search place 강남역: Kakao Map API Network Timeout
Traceback (most recent call last):
  File "/Users/steady/.openclaw/workspace/info_waves/services/location_service.py", line 244, in search_place
    resp = _session.get(url, headers=headers, timeout=5)
  File "/Library/Frameworks/Python.framework/Versions/3.10/lib/python3.10/unittest/mock.py", line 1104, in __call__
    return self._mock_call(*args, **kwargs)
  File "/Library/Frameworks/Python.framework/Versions/3.10/lib/python3.10/unittest/mock.py", line 1108, in _mock_call
    return self._execute_mock_call(*args, **kwargs)
  File "/Library/Frameworks/Python.framework/Versions/3.10/lib/python3.10/unittest/mock.py", line 1163, in _execute_mock_call
    raise effect
Exception: Kakao Map API Network Timeout
2026-07-22 21:58:39,654 - main - INFO - 글로벌(위치 무관) 데이터 스크래핑을 시작합니다...
2026-07-22 21:58:41,480 - services.location_service - INFO - 📍 IP-based Location: 37.5332, 126.9692
2026-07-22 21:58:41,501 - main - INFO - 글로벌(위치 무관) 데이터 스크래핑을 시작합니다...
2026-07-22 21:58:43,220 - services.location_service - INFO - 📍 IP-based Location: 37.5332, 126.9692
2026-07-22 21:58:43,231 - services.location_service - ERROR - Failed to reverse geocode: OpenStreetMap Network Timeout Error
Traceback (most recent call last):
  File "/Users/steady/.openclaw/workspace/info_waves/services/location_service.py", line 32, in _cached_get_neighborhood
    resp = _session.get(url, headers=headers, params=params, timeout=5)
  File "/Library/Frameworks/Python.framework/Versions/3.10/lib/python3.10/unittest/mock.py", line 1104, in __call__
    return self._mock_call(*args, **kwargs)
  File "/Library/Frameworks/Python.framework/Versions/3.10/lib/python3.10/unittest/mock.py", line 1108, in _mock_call
    return self._execute_mock_call(*args, **kwargs)
  File "/Library/Frameworks/Python.framework/Versions/3.10/lib/python3.10/unittest/mock.py", line 1163, in _execute_mock_call
    raise effect
Exception: OpenStreetMap Network Timeout Error
2026-07-22 21:58:43,236 - services.location_service - WARNING - Failed to fetch IP-based location (Timeout/Network): IP API Timeout
2026-07-22 21:58:43,245 - main - INFO - 글로벌(위치 무관) 데이터 스크래핑을 시작합니다...
2026-07-22 21:58:43,247 - main - INFO - 로컬(위치 기반) 데이터 역매핑을 시작합니다 (좌표: 37.36066, 126.92819, 반경: 3.0km)...
2026-07-22 21:58:44,956 - services.location_service - ERROR - Failed to reverse geocode: 429 Client Error: Too many requests for url: https://nominatim.openstreetmap.org/reverse?lat=37.498&lon=127.028&format=json&zoom=14
Traceback (most recent call last):
  File "/Users/steady/.openclaw/workspace/info_waves/services/location_service.py", line 33, in _cached_get_neighborhood
    resp.raise_for_status()
  File "/Users/steady/.openclaw/workspace/info_waves/venv/lib/python3.10/site-packages/requests/models.py", line 1021, in raise_for_status
    raise HTTPError(http_error_msg, response=self)
requests.exceptions.HTTPError: 429 Client Error: Too many requests for url: https://nominatim.openstreetmap.org/reverse?lat=37.498&lon=127.028&format=json&zoom=14
2026-07-22 21:58:46,601 - services.location_service - ERROR - Failed to reverse geocode: 429 Client Error: Too many requests for url: https://nominatim.openstreetmap.org/reverse?lat=37.522&lon=126.924&format=json&zoom=14
Traceback (most recent call last):
  File "/Users/steady/.openclaw/workspace/info_waves/services/location_service.py", line 33, in _cached_get_neighborhood
    resp.raise_for_status()
  File "/Users/steady/.openclaw/workspace/info_waves/venv/lib/python3.10/site-packages/requests/models.py", line 1021, in raise_for_status
    raise HTTPError(http_error_msg, response=self)
requests.exceptions.HTTPError: 429 Client Error: Too many requests for url: https://nominatim.openstreetmap.org/reverse?lat=37.522&lon=126.924&format=json&zoom=14
2026-07-22 21:58:47,853 - services.location_service - ERROR - Failed to reverse geocode: 429 Client Error: Too many requests for url: https://nominatim.openstreetmap.org/reverse?lat=37.557&lon=126.924&format=json&zoom=14
Traceback (most recent call last):
  File "/Users/steady/.openclaw/workspace/info_waves/services/location_service.py", line 33, in _cached_get_neighborhood
    resp.raise_for_status()
  File "/Users/steady/.openclaw/workspace/info_waves/venv/lib/python3.10/site-packages/requests/models.py", line 1021, in raise_for_status
    raise HTTPError(http_error_msg, response=self)
requests.exceptions.HTTPError: 429 Client Error: Too many requests for url: https://nominatim.openstreetmap.org/reverse?lat=37.557&lon=126.924&format=json&zoom=14
2026-07-22 21:58:49,904 - services.location_service - ERROR - Failed to reverse geocode: 429 Client Error: Too many requests for url: https://nominatim.openstreetmap.org/reverse?lat=37.36&lon=126.92&format=json&zoom=14
Traceback (most recent call last):
  File "/Users/steady/.openclaw/workspace/info_waves/services/location_service.py", line 33, in _cached_get_neighborhood
    resp.raise_for_status()
  File "/Users/steady/.openclaw/workspace/info_waves/venv/lib/python3.10/site-packages/requests/models.py", line 1021, in raise_for_status
    raise HTTPError(http_error_msg, response=self)
requests.exceptions.HTTPError: 429 Client Error: Too many requests for url: https://nominatim.openstreetmap.org/reverse?lat=37.36&lon=126.92&format=json&zoom=14
2026-07-22 21:58:51,611 - services.location_service - ERROR - Failed to reverse geocode: 429 Client Error: Too many requests for url: https://nominatim.openstreetmap.org/reverse?lat=37.395&lon=127.111&format=json&zoom=14
Traceback (most recent call last):
  File "/Users/steady/.openclaw/workspace/info_waves/services/location_service.py", line 33, in _cached_get_neighborhood
    resp.raise_for_status()
  File "/Users/steady/.openclaw/workspace/info_waves/venv/lib/python3.10/site-packages/requests/models.py", line 1021, in raise_for_status
    raise HTTPError(http_error_msg, response=self)
requests.exceptions.HTTPError: 429 Client Error: Too many requests for url: https://nominatim.openstreetmap.org/reverse?lat=37.395&lon=127.111&format=json&zoom=14
2026-07-22 21:58:53,855 - services.location_service - ERROR - Failed to reverse geocode: 429 Client Error: Too many requests for url: https://nominatim.openstreetmap.org/reverse?lat=37.266&lon=127.0&format=json&zoom=14
Traceback (most recent call last):
  File "/Users/steady/.openclaw/workspace/info_waves/services/location_service.py", line 33, in _cached_get_neighborhood
    resp.raise_for_status()
  File "/Users/steady/.openclaw/workspace/info_waves/venv/lib/python3.10/site-packages/requests/models.py", line 1021, in raise_for_status
    raise HTTPError(http_error_msg, response=self)
requests.exceptions.HTTPError: 429 Client Error: Too many requests for url: https://nominatim.openstreetmap.org/reverse?lat=37.266&lon=127.0&format=json&zoom=14
2026-07-22 21:58:55,675 - services.location_service - ERROR - Failed to reverse geocode: 429 Client Error: Too many requests for url: https://nominatim.openstreetmap.org/reverse?lat=37.489&lon=126.725&format=json&zoom=14
Traceback (most recent call last):
  File "/Users/steady/.openclaw/workspace/info_waves/services/location_service.py", line 33, in _cached_get_neighborhood
    resp.raise_for_status()
  File "/Users/steady/.openclaw/workspace/info_waves/venv/lib/python3.10/site-packages/requests/models.py", line 1021, in raise_for_status
    raise HTTPError(http_error_msg, response=self)
requests.exceptions.HTTPError: 429 Client Error: Too many requests for url: https://nominatim.openstreetmap.org/reverse?lat=37.489&lon=126.725&format=json&zoom=14
2026-07-22 21:58:57,356 - services.location_service - ERROR - Failed to reverse geocode: 429 Client Error: Too many requests for url: https://nominatim.openstreetmap.org/reverse?lat=35.158&lon=129.059&format=json&zoom=14
Traceback (most recent call last):
  File "/Users/steady/.openclaw/workspace/info_waves/services/location_service.py", line 33, in _cached_get_neighborhood
    resp.raise_for_status()
  File "/Users/steady/.openclaw/workspace/info_waves/venv/lib/python3.10/site-packages/requests/models.py", line 1021, in raise_for_status
    raise HTTPError(http_error_msg, response=self)
requests.exceptions.HTTPError: 429 Client Error: Too many requests for url: https://nominatim.openstreetmap.org/reverse?lat=35.158&lon=129.059&format=json&zoom=14
2026-07-22 21:58:58,921 - services.location_service - ERROR - Failed to reverse geocode: 429 Client Error: Too many requests for url: https://nominatim.openstreetmap.org/reverse?lat=35.871&lon=128.594&format=json&zoom=14
Traceback (most recent call last):
  File "/Users/steady/.openclaw/workspace/info_waves/services/location_service.py", line 33, in _cached_get_neighborhood
    resp.raise_for_status()
  File "/Users/steady/.openclaw/workspace/info_waves/venv/lib/python3.10/site-packages/requests/models.py", line 1021, in raise_for_status
    raise HTTPError(http_error_msg, response=self)
requests.exceptions.HTTPError: 429 Client Error: Too many requests for url: https://nominatim.openstreetmap.org/reverse?lat=35.871&lon=128.594&format=json&zoom=14
2026-07-22 21:59:00,344 - services.location_service - ERROR - Failed to reverse geocode: 429 Client Error: Too many requests for url: https://nominatim.openstreetmap.org/reverse?lat=36.358&lon=127.382&format=json&zoom=14
Traceback (most recent call last):
  File "/Users/steady/.openclaw/workspace/info_waves/services/location_service.py", line 33, in _cached_get_neighborhood
    resp.raise_for_status()
  File "/Users/steady/.openclaw/workspace/info_waves/venv/lib/python3.10/site-packages/requests/models.py", line 1021, in raise_for_status
    raise HTTPError(http_error_msg, response=self)
requests.exceptions.HTTPError: 429 Client Error: Too many requests for url: https://nominatim.openstreetmap.org/reverse?lat=36.358&lon=127.382&format=json&zoom=14
2026-07-22 21:59:00,380 - main - INFO - 로컬(위치 기반) 데이터 역매핑을 시작합니다 (좌표: 37.36066, 126.92819, 반경: 3.0km)...
2026-07-22 21:59:02,460 - services.location_service - ERROR - Failed to reverse geocode: 429 Client Error: Too many requests for url: https://nominatim.openstreetmap.org/reverse?lat=37.361&lon=126.928&format=json&zoom=14
Traceback (most recent call last):
  File "/Users/steady/.openclaw/workspace/info_waves/services/location_service.py", line 33, in _cached_get_neighborhood
    resp.raise_for_status()
  File "/Users/steady/.openclaw/workspace/info_waves/venv/lib/python3.10/site-packages/requests/models.py", line 1021, in raise_for_status
    raise HTTPError(http_error_msg, response=self)
requests.exceptions.HTTPError: 429 Client Error: Too many requests for url: https://nominatim.openstreetmap.org/reverse?lat=37.361&lon=126.928&format=json&zoom=14
2026-07-22 21:59:02,467 - services.location_service - INFO - OpenStreetMap Reverse Geocoding: 37.36, 126.928 -> 산본동
2026-07-22 21:59:02,481 - main - INFO - 로컬(위치 기반) 데이터 역매핑을 시작합니다 (좌표: 37.36066, 126.92819, 반경: 3.0km)...
2026-07-22 21:59:03,079 - main - INFO - 로컬(위치 기반) 데이터 역매핑을 시작합니다 (좌표: 37.36066, 126.92819, 반경: 3.0km)...
2026-07-22 21:59:03,080 - main - INFO - 로컬(위치 기반) 데이터 역매핑을 시작합니다 (좌표: 37.36066, 126.92819, 반경: 3.0km)...
2026-07-22 21:59:03,081 - main - INFO - 로컬(위치 기반) 데이터 역매핑을 시작합니다 (좌표: 37.36066, 126.92819, 반경: 3.0km)...
2026-07-22 21:59:03,081 - main - INFO - 로컬(위치 기반) 데이터 역매핑을 시작합니다 (좌표: 37.36066, 126.92819, 반경: 3.0km)...
2026-07-22 21:59:03,082 - main - INFO - 로컬(위치 기반) 데이터 역매핑을 시작합니다 (좌표: 37.36066, 126.92819, 반경: 3.0km)...
2026-07-22 21:59:03,083 - services.location_service - ERROR - Failed to search place 강남역: Kakao Map API Network Timeout
Traceback (most recent call last):
  File "/Users/steady/.openclaw/workspace/info_waves/services/location_service.py", line 244, in search_place
    resp = _session.get(url, headers=headers, timeout=5)
  File "/Library/Frameworks/Python.framework/Versions/3.10/lib/python3.10/unittest/mock.py", line 1104, in __call__
    return self._mock_call(*args, **kwargs)
  File "/Library/Frameworks/Python.framework/Versions/3.10/lib/python3.10/unittest/mock.py", line 1108, in _mock_call
    return self._execute_mock_call(*args, **kwargs)
  File "/Library/Frameworks/Python.framework/Versions/3.10/lib/python3.10/unittest/mock.py", line 1163, in _execute_mock_call
    raise effect
Exception: Kakao Map API Network Timeout
2026-07-22 21:59:20,127 - services.location_service - INFO - 📍 IP-based Location: 37.5332, 126.9692
2026-07-22 21:59:20,981 - services.location_service - INFO - 📍 IP-based Location: 37.5332, 126.9692
2026-07-22 21:59:20,983 - app - INFO - 📍 Device Real Location Initialized: 37.360628, 126.920275
2026-07-22 21:59:21,707 - services.location_service - INFO - 📍 IP-based Location: 37.5332, 126.9692
2026-07-22 21:59:23,590 - services.location_service - INFO - 📍 IP-based Location: 37.5332, 126.9692
2026-07-22 22:01:37,920 - main - INFO - 글로벌(위치 무관) 데이터 스크래핑을 시작합니다...
2026-07-22 22:01:42,185 - services.location_service - INFO - 📍 IP-based Location: 37.5332, 126.9692
2026-07-22 22:01:42,207 - main - INFO - 글로벌(위치 무관) 데이터 스크래핑을 시작합니다...
2026-07-22 22:01:44,458 - services.location_service - INFO - 📍 IP-based Location: 37.5332, 126.9692
2026-07-22 22:01:44,467 - services.location_service - ERROR - Failed to reverse geocode: OpenStreetMap Network Timeout Error
Traceback (most recent call last):
  File "/Users/steady/.openclaw/workspace/info_waves/services/location_service.py", line 32, in _cached_get_neighborhood
    resp = _session.get(url, headers=headers, params=params, timeout=5)
  File "/Library/Frameworks/Python.framework/Versions/3.10/lib/python3.10/unittest/mock.py", line 1104, in __call__
    return self._mock_call(*args, **kwargs)
  File "/Library/Frameworks/Python.framework/Versions/3.10/lib/python3.10/unittest/mock.py", line 1108, in _mock_call
    return self._execute_mock_call(*args, **kwargs)
  File "/Library/Frameworks/Python.framework/Versions/3.10/lib/python3.10/unittest/mock.py", line 1163, in _execute_mock_call
    raise effect
Exception: OpenStreetMap Network Timeout Error
2026-07-22 22:01:44,472 - services.location_service - WARNING - Failed to fetch IP-based location (Timeout/Network): IP API Timeout
2026-07-22 22:01:44,481 - main - INFO - 글로벌(위치 무관) 데이터 스크래핑을 시작합니다...
2026-07-22 22:01:44,484 - main - INFO - 로컬(위치 기반) 데이터 역매핑을 시작합니다 (좌표: 37.36066, 126.92819, 반경: 3.0km)...
2026-07-22 22:01:46,467 - services.location_service - ERROR - Failed to reverse geocode: 429 Client Error: Too many requests for url: https://nominatim.openstreetmap.org/reverse?lat=37.498&lon=127.028&format=json&zoom=14
Traceback (most recent call last):
  File "/Users/steady/.openclaw/workspace/info_waves/services/location_service.py", line 33, in _cached_get_neighborhood
    resp.raise_for_status()
  File "/Users/steady/.openclaw/workspace/info_waves/venv/lib/python3.10/site-packages/requests/models.py", line 1021, in raise_for_status
    raise HTTPError(http_error_msg, response=self)
requests.exceptions.HTTPError: 429 Client Error: Too many requests for url: https://nominatim.openstreetmap.org/reverse?lat=37.498&lon=127.028&format=json&zoom=14
2026-07-22 22:01:47,794 - services.location_service - ERROR - Failed to reverse geocode: 429 Client Error: Too many requests for url: https://nominatim.openstreetmap.org/reverse?lat=37.522&lon=126.924&format=json&zoom=14
Traceback (most recent call last):
  File "/Users/steady/.openclaw/workspace/info_waves/services/location_service.py", line 33, in _cached_get_neighborhood
    resp.raise_for_status()
  File "/Users/steady/.openclaw/workspace/info_waves/venv/lib/python3.10/site-packages/requests/models.py", line 1021, in raise_for_status
    raise HTTPError(http_error_msg, response=self)
requests.exceptions.HTTPError: 429 Client Error: Too many requests for url: https://nominatim.openstreetmap.org/reverse?lat=37.522&lon=126.924&format=json&zoom=14
2026-07-22 22:01:49,796 - services.location_service - ERROR - Failed to reverse geocode: 429 Client Error: Too many requests for url: https://nominatim.openstreetmap.org/reverse?lat=37.557&lon=126.924&format=json&zoom=14
Traceback (most recent call last):
  File "/Users/steady/.openclaw/workspace/info_waves/services/location_service.py", line 33, in _cached_get_neighborhood
    resp.raise_for_status()
  File "/Users/steady/.openclaw/workspace/info_waves/venv/lib/python3.10/site-packages/requests/models.py", line 1021, in raise_for_status
    raise HTTPError(http_error_msg, response=self)
requests.exceptions.HTTPError: 429 Client Error: Too many requests for url: https://nominatim.openstreetmap.org/reverse?lat=37.557&lon=126.924&format=json&zoom=14
2026-07-22 22:01:52,123 - services.location_service - ERROR - Failed to reverse geocode: 429 Client Error: Too many requests for url: https://nominatim.openstreetmap.org/reverse?lat=37.36&lon=126.92&format=json&zoom=14
Traceback (most recent call last):
  File "/Users/steady/.openclaw/workspace/info_waves/services/location_service.py", line 33, in _cached_get_neighborhood
    resp.raise_for_status()
  File "/Users/steady/.openclaw/workspace/info_waves/venv/lib/python3.10/site-packages/requests/models.py", line 1021, in raise_for_status
    raise HTTPError(http_error_msg, response=self)
requests.exceptions.HTTPError: 429 Client Error: Too many requests for url: https://nominatim.openstreetmap.org/reverse?lat=37.36&lon=126.92&format=json&zoom=14
2026-07-22 22:01:53,806 - services.location_service - ERROR - Failed to reverse geocode: 429 Client Error: Too many requests for url: https://nominatim.openstreetmap.org/reverse?lat=37.395&lon=127.111&format=json&zoom=14
Traceback (most recent call last):
  File "/Users/steady/.openclaw/workspace/info_waves/services/location_service.py", line 33, in _cached_get_neighborhood
    resp.raise_for_status()
  File "/Users/steady/.openclaw/workspace/info_waves/venv/lib/python3.10/site-packages/requests/models.py", line 1021, in raise_for_status
    raise HTTPError(http_error_msg, response=self)
requests.exceptions.HTTPError: 429 Client Error: Too many requests for url: https://nominatim.openstreetmap.org/reverse?lat=37.395&lon=127.111&format=json&zoom=14
2026-07-22 22:01:55,744 - services.location_service - ERROR - Failed to reverse geocode: 429 Client Error: Too many requests for url: https://nominatim.openstreetmap.org/reverse?lat=37.266&lon=127.0&format=json&zoom=14
Traceback (most recent call last):
  File "/Users/steady/.openclaw/workspace/info_waves/services/location_service.py", line 33, in _cached_get_neighborhood
    resp.raise_for_status()
  File "/Users/steady/.openclaw/workspace/info_waves/venv/lib/python3.10/site-packages/requests/models.py", line 1021, in raise_for_status
    raise HTTPError(http_error_msg, response=self)
requests.exceptions.HTTPError: 429 Client Error: Too many requests for url: https://nominatim.openstreetmap.org/reverse?lat=37.266&lon=127.0&format=json&zoom=14
2026-07-22 22:01:57,327 - services.location_service - ERROR - Failed to reverse geocode: 429 Client Error: Too many requests for url: https://nominatim.openstreetmap.org/reverse?lat=37.489&lon=126.725&format=json&zoom=14
Traceback (most recent call last):
  File "/Users/steady/.openclaw/workspace/info_waves/services/location_service.py", line 33, in _cached_get_neighborhood
    resp.raise_for_status()
  File "/Users/steady/.openclaw/workspace/info_waves/venv/lib/python3.10/site-packages/requests/models.py", line 1021, in raise_for_status
    raise HTTPError(http_error_msg, response=self)
requests.exceptions.HTTPError: 429 Client Error: Too many requests for url: https://nominatim.openstreetmap.org/reverse?lat=37.489&lon=126.725&format=json&zoom=14
2026-07-22 22:01:59,493 - services.location_service - ERROR - Failed to reverse geocode: 429 Client Error: Too many requests for url: https://nominatim.openstreetmap.org/reverse?lat=35.158&lon=129.059&format=json&zoom=14
Traceback (most recent call last):
  File "/Users/steady/.openclaw/workspace/info_waves/services/location_service.py", line 33, in _cached_get_neighborhood
    resp.raise_for_status()
  File "/Users/steady/.openclaw/workspace/info_waves/venv/lib/python3.10/site-packages/requests/models.py", line 1021, in raise_for_status
    raise HTTPError(http_error_msg, response=self)
requests.exceptions.HTTPError: 429 Client Error: Too many requests for url: https://nominatim.openstreetmap.org/reverse?lat=35.158&lon=129.059&format=json&zoom=14
2026-07-22 22:02:01,667 - services.location_service - ERROR - Failed to reverse geocode: 429 Client Error: Too many requests for url: https://nominatim.openstreetmap.org/reverse?lat=35.871&lon=128.594&format=json&zoom=14
Traceback (most recent call last):
  File "/Users/steady/.openclaw/workspace/info_waves/services/location_service.py", line 33, in _cached_get_neighborhood
    resp.raise_for_status()
  File "/Users/steady/.openclaw/workspace/info_waves/venv/lib/python3.10/site-packages/requests/models.py", line 1021, in raise_for_status
    raise HTTPError(http_error_msg, response=self)
requests.exceptions.HTTPError: 429 Client Error: Too many requests for url: https://nominatim.openstreetmap.org/reverse?lat=35.871&lon=128.594&format=json&zoom=14
2026-07-22 22:02:01,850 - main - INFO - 글로벌(위치 무관) 데이터 스크래핑을 시작합니다...
2026-07-22 22:02:03,129 - services.location_service - ERROR - Failed to reverse geocode: 429 Client Error: Too many requests for url: https://nominatim.openstreetmap.org/reverse?lat=36.358&lon=127.382&format=json&zoom=14
Traceback (most recent call last):
  File "/Users/steady/.openclaw/workspace/info_waves/services/location_service.py", line 33, in _cached_get_neighborhood
    resp.raise_for_status()
  File "/Users/steady/.openclaw/workspace/info_waves/venv/lib/python3.10/site-packages/requests/models.py", line 1021, in raise_for_status
    raise HTTPError(http_error_msg, response=self)
requests.exceptions.HTTPError: 429 Client Error: Too many requests for url: https://nominatim.openstreetmap.org/reverse?lat=36.358&lon=127.382&format=json&zoom=14
2026-07-22 22:02:03,159 - main - INFO - 로컬(위치 기반) 데이터 역매핑을 시작합니다 (좌표: 37.36066, 126.92819, 반경: 3.0km)...
2026-07-22 22:02:03,916 - services.location_service - INFO - 📍 IP-based Location: 37.5332, 126.9692
2026-07-22 22:02:03,936 - main - INFO - 글로벌(위치 무관) 데이터 스크래핑을 시작합니다...
2026-07-22 22:02:04,737 - services.location_service - ERROR - Failed to reverse geocode: 429 Client Error: Too many requests for url: https://nominatim.openstreetmap.org/reverse?lat=37.361&lon=126.928&format=json&zoom=14
Traceback (most recent call last):
  File "/Users/steady/.openclaw/workspace/info_waves/services/location_service.py", line 33, in _cached_get_neighborhood
    resp.raise_for_status()
  File "/Users/steady/.openclaw/workspace/info_waves/venv/lib/python3.10/site-packages/requests/models.py", line 1021, in raise_for_status
    raise HTTPError(http_error_msg, response=self)
requests.exceptions.HTTPError: 429 Client Error: Too many requests for url: https://nominatim.openstreetmap.org/reverse?lat=37.361&lon=126.928&format=json&zoom=14
2026-07-22 22:02:04,741 - services.location_service - INFO - OpenStreetMap Reverse Geocoding: 37.36, 126.928 -> 산본동
2026-07-22 22:02:04,755 - main - INFO - 로컬(위치 기반) 데이터 역매핑을 시작합니다 (좌표: 37.36066, 126.92819, 반경: 3.0km)...
2026-07-22 22:02:05,095 - main - INFO - 로컬(위치 기반) 데이터 역매핑을 시작합니다 (좌표: 37.36066, 126.92819, 반경: 3.0km)...
2026-07-22 22:02:05,096 - main - INFO - 로컬(위치 기반) 데이터 역매핑을 시작합니다 (좌표: 37.36066, 126.92819, 반경: 3.0km)...
2026-07-22 22:02:05,096 - main - INFO - 로컬(위치 기반) 데이터 역매핑을 시작합니다 (좌표: 37.36066, 126.92819, 반경: 3.0km)...
2026-07-22 22:02:05,097 - main - INFO - 로컬(위치 기반) 데이터 역매핑을 시작합니다 (좌표: 37.36066, 126.92819, 반경: 3.0km)...
2026-07-22 22:02:05,097 - main - INFO - 로컬(위치 기반) 데이터 역매핑을 시작합니다 (좌표: 37.36066, 126.92819, 반경: 3.0km)...
2026-07-22 22:02:05,098 - services.location_service - ERROR - Failed to search place 강남역: Kakao Map API Network Timeout
Traceback (most recent call last):
  File "/Users/steady/.openclaw/workspace/info_waves/services/location_service.py", line 244, in search_place
    resp = _session.get(url, headers=headers, timeout=5)
  File "/Library/Frameworks/Python.framework/Versions/3.10/lib/python3.10/unittest/mock.py", line 1104, in __call__
    return self._mock_call(*args, **kwargs)
  File "/Library/Frameworks/Python.framework/Versions/3.10/lib/python3.10/unittest/mock.py", line 1108, in _mock_call
    return self._execute_mock_call(*args, **kwargs)
  File "/Library/Frameworks/Python.framework/Versions/3.10/lib/python3.10/unittest/mock.py", line 1163, in _execute_mock_call
    raise effect
Exception: Kakao Map API Network Timeout
2026-07-22 22:02:05,731 - services.location_service - INFO - 📍 IP-based Location: 37.5332, 126.9692
2026-07-22 22:02:05,737 - services.location_service - ERROR - Failed to reverse geocode: OpenStreetMap Network Timeout Error
Traceback (most recent call last):
  File "/Users/steady/.openclaw/workspace/info_waves/services/location_service.py", line 32, in _cached_get_neighborhood
    resp = _session.get(url, headers=headers, params=params, timeout=5)
  File "/Library/Frameworks/Python.framework/Versions/3.10/lib/python3.10/unittest/mock.py", line 1104, in __call__
    return self._mock_call(*args, **kwargs)
  File "/Library/Frameworks/Python.framework/Versions/3.10/lib/python3.10/unittest/mock.py", line 1108, in _mock_call
    return self._execute_mock_call(*args, **kwargs)
  File "/Library/Frameworks/Python.framework/Versions/3.10/lib/python3.10/unittest/mock.py", line 1163, in _execute_mock_call
    raise effect
Exception: OpenStreetMap Network Timeout Error
2026-07-22 22:02:05,742 - services.location_service - WARNING - Failed to fetch IP-based location (Timeout/Network): IP API Timeout
2026-07-22 22:02:05,752 - main - INFO - 글로벌(위치 무관) 데이터 스크래핑을 시작합니다...
2026-07-22 22:02:05,754 - main - INFO - 로컬(위치 기반) 데이터 역매핑을 시작합니다 (좌표: 37.36066, 126.92819, 반경: 3.0km)...
2026-07-22 22:02:07,418 - services.location_service - ERROR - Failed to reverse geocode: 429 Client Error: Too many requests for url: https://nominatim.openstreetmap.org/reverse?lat=37.498&lon=127.028&format=json&zoom=14
Traceback (most recent call last):
  File "/Users/steady/.openclaw/workspace/info_waves/services/location_service.py", line 33, in _cached_get_neighborhood
    resp.raise_for_status()
  File "/Users/steady/.openclaw/workspace/info_waves/venv/lib/python3.10/site-packages/requests/models.py", line 1021, in raise_for_status
    raise HTTPError(http_error_msg, response=self)
requests.exceptions.HTTPError: 429 Client Error: Too many requests for url: https://nominatim.openstreetmap.org/reverse?lat=37.498&lon=127.028&format=json&zoom=14
2026-07-22 22:02:08,658 - services.location_service - ERROR - Failed to reverse geocode: 429 Client Error: Too many requests for url: https://nominatim.openstreetmap.org/reverse?lat=37.522&lon=126.924&format=json&zoom=14
Traceback (most recent call last):
  File "/Users/steady/.openclaw/workspace/info_waves/services/location_service.py", line 33, in _cached_get_neighborhood
    resp.raise_for_status()
  File "/Users/steady/.openclaw/workspace/info_waves/venv/lib/python3.10/site-packages/requests/models.py", line 1021, in raise_for_status
    raise HTTPError(http_error_msg, response=self)
requests.exceptions.HTTPError: 429 Client Error: Too many requests for url: https://nominatim.openstreetmap.org/reverse?lat=37.522&lon=126.924&format=json&zoom=14
2026-07-22 22:02:10,989 - services.location_service - ERROR - Failed to reverse geocode: 429 Client Error: Too many requests for url: https://nominatim.openstreetmap.org/reverse?lat=37.557&lon=126.924&format=json&zoom=14
Traceback (most recent call last):
  File "/Users/steady/.openclaw/workspace/info_waves/services/location_service.py", line 33, in _cached_get_neighborhood
    resp.raise_for_status()
  File "/Users/steady/.openclaw/workspace/info_waves/venv/lib/python3.10/site-packages/requests/models.py", line 1021, in raise_for_status
    raise HTTPError(http_error_msg, response=self)
requests.exceptions.HTTPError: 429 Client Error: Too many requests for url: https://nominatim.openstreetmap.org/reverse?lat=37.557&lon=126.924&format=json&zoom=14
2026-07-22 22:02:13,120 - services.location_service - ERROR - Failed to reverse geocode: 429 Client Error: Too many requests for url: https://nominatim.openstreetmap.org/reverse?lat=37.36&lon=126.92&format=json&zoom=14
Traceback (most recent call last):
  File "/Users/steady/.openclaw/workspace/info_waves/services/location_service.py", line 33, in _cached_get_neighborhood
    resp.raise_for_status()
  File "/Users/steady/.openclaw/workspace/info_waves/venv/lib/python3.10/site-packages/requests/models.py", line 1021, in raise_for_status
    raise HTTPError(http_error_msg, response=self)
requests.exceptions.HTTPError: 429 Client Error: Too many requests for url: https://nominatim.openstreetmap.org/reverse?lat=37.36&lon=126.92&format=json&zoom=14
2026-07-22 22:02:14,608 - services.location_service - ERROR - Failed to reverse geocode: 429 Client Error: Too many requests for url: https://nominatim.openstreetmap.org/reverse?lat=37.395&lon=127.111&format=json&zoom=14
Traceback (most recent call last):
  File "/Users/steady/.openclaw/workspace/info_waves/services/location_service.py", line 33, in _cached_get_neighborhood
    resp.raise_for_status()
  File "/Users/steady/.openclaw/workspace/info_waves/venv/lib/python3.10/site-packages/requests/models.py", line 1021, in raise_for_status
    raise HTTPError(http_error_msg, response=self)
requests.exceptions.HTTPError: 429 Client Error: Too many requests for url: https://nominatim.openstreetmap.org/reverse?lat=37.395&lon=127.111&format=json&zoom=14
2026-07-22 22:02:16,375 - services.location_service - ERROR - Failed to reverse geocode: 429 Client Error: Too many requests for url: https://nominatim.openstreetmap.org/reverse?lat=37.266&lon=127.0&format=json&zoom=14
Traceback (most recent call last):
  File "/Users/steady/.openclaw/workspace/info_waves/services/location_service.py", line 33, in _cached_get_neighborhood
    resp.raise_for_status()
  File "/Users/steady/.openclaw/workspace/info_waves/venv/lib/python3.10/site-packages/requests/models.py", line 1021, in raise_for_status
    raise HTTPError(http_error_msg, response=self)
requests.exceptions.HTTPError: 429 Client Error: Too many requests for url: https://nominatim.openstreetmap.org/reverse?lat=37.266&lon=127.0&format=json&zoom=14
2026-07-22 22:02:17,662 - services.location_service - ERROR - Failed to reverse geocode: 429 Client Error: Too many requests for url: https://nominatim.openstreetmap.org/reverse?lat=37.489&lon=126.725&format=json&zoom=14
Traceback (most recent call last):
  File "/Users/steady/.openclaw/workspace/info_waves/services/location_service.py", line 33, in _cached_get_neighborhood
    resp.raise_for_status()
  File "/Users/steady/.openclaw/workspace/info_waves/venv/lib/python3.10/site-packages/requests/models.py", line 1021, in raise_for_status
    raise HTTPError(http_error_msg, response=self)
requests.exceptions.HTTPError: 429 Client Error: Too many requests for url: https://nominatim.openstreetmap.org/reverse?lat=37.489&lon=126.725&format=json&zoom=14
2026-07-22 22:02:19,981 - services.location_service - ERROR - Failed to reverse geocode: 429 Client Error: Too many requests for url: https://nominatim.openstreetmap.org/reverse?lat=35.158&lon=129.059&format=json&zoom=14
Traceback (most recent call last):
  File "/Users/steady/.openclaw/workspace/info_waves/services/location_service.py", line 33, in _cached_get_neighborhood
    resp.raise_for_status()
  File "/Users/steady/.openclaw/workspace/info_waves/venv/lib/python3.10/site-packages/requests/models.py", line 1021, in raise_for_status
    raise HTTPError(http_error_msg, response=self)
requests.exceptions.HTTPError: 429 Client Error: Too many requests for url: https://nominatim.openstreetmap.org/reverse?lat=35.158&lon=129.059&format=json&zoom=14
2026-07-22 22:02:21,382 - services.location_service - ERROR - Failed to reverse geocode: 429 Client Error: Too many requests for url: https://nominatim.openstreetmap.org/reverse?lat=35.871&lon=128.594&format=json&zoom=14
Traceback (most recent call last):
  File "/Users/steady/.openclaw/workspace/info_waves/services/location_service.py", line 33, in _cached_get_neighborhood
    resp.raise_for_status()
  File "/Users/steady/.openclaw/workspace/info_waves/venv/lib/python3.10/site-packages/requests/models.py", line 1021, in raise_for_status
    raise HTTPError(http_error_msg, response=self)
requests.exceptions.HTTPError: 429 Client Error: Too many requests for url: https://nominatim.openstreetmap.org/reverse?lat=35.871&lon=128.594&format=json&zoom=14
2026-07-22 22:02:23,307 - services.location_service - ERROR - Failed to reverse geocode: 429 Client Error: Too many requests for url: https://nominatim.openstreetmap.org/reverse?lat=36.358&lon=127.382&format=json&zoom=14
Traceback (most recent call last):
  File "/Users/steady/.openclaw/workspace/info_waves/services/location_service.py", line 33, in _cached_get_neighborhood
    resp.raise_for_status()
  File "/Users/steady/.openclaw/workspace/info_waves/venv/lib/python3.10/site-packages/requests/models.py", line 1021, in raise_for_status
    raise HTTPError(http_error_msg, response=self)
requests.exceptions.HTTPError: 429 Client Error: Too many requests for url: https://nominatim.openstreetmap.org/reverse?lat=36.358&lon=127.382&format=json&zoom=14
2026-07-22 22:02:23,340 - main - INFO - 로컬(위치 기반) 데이터 역매핑을 시작합니다 (좌표: 37.36066, 126.92819, 반경: 3.0km)...
2026-07-22 22:02:24,609 - services.location_service - ERROR - Failed to reverse geocode: 429 Client Error: Too many requests for url: https://nominatim.openstreetmap.org/reverse?lat=37.361&lon=126.928&format=json&zoom=14
Traceback (most recent call last):
  File "/Users/steady/.openclaw/workspace/info_waves/services/location_service.py", line 33, in _cached_get_neighborhood
    resp.raise_for_status()
  File "/Users/steady/.openclaw/workspace/info_waves/venv/lib/python3.10/site-packages/requests/models.py", line 1021, in raise_for_status
    raise HTTPError(http_error_msg, response=self)
requests.exceptions.HTTPError: 429 Client Error: Too many requests for url: https://nominatim.openstreetmap.org/reverse?lat=37.361&lon=126.928&format=json&zoom=14
2026-07-22 22:02:24,616 - services.location_service - INFO - OpenStreetMap Reverse Geocoding: 37.36, 126.928 -> 산본동
2026-07-22 22:02:24,628 - main - INFO - 로컬(위치 기반) 데이터 역매핑을 시작합니다 (좌표: 37.36066, 126.92819, 반경: 3.0km)...
2026-07-22 22:02:25,161 - main - INFO - 로컬(위치 기반) 데이터 역매핑을 시작합니다 (좌표: 37.36066, 126.92819, 반경: 3.0km)...
2026-07-22 22:02:25,161 - main - INFO - 로컬(위치 기반) 데이터 역매핑을 시작합니다 (좌표: 37.36066, 126.92819, 반경: 3.0km)...
2026-07-22 22:02:25,162 - main - INFO - 로컬(위치 기반) 데이터 역매핑을 시작합니다 (좌표: 37.36066, 126.92819, 반경: 3.0km)...
2026-07-22 22:02:25,162 - main - INFO - 로컬(위치 기반) 데이터 역매핑을 시작합니다 (좌표: 37.36066, 126.92819, 반경: 3.0km)...
2026-07-22 22:02:25,163 - main - INFO - 로컬(위치 기반) 데이터 역매핑을 시작합니다 (좌표: 37.36066, 126.92819, 반경: 3.0km)...
2026-07-22 22:02:25,164 - services.location_service - ERROR - Failed to search place 강남역: Kakao Map API Network Timeout
Traceback (most recent call last):
  File "/Users/steady/.openclaw/workspace/info_waves/services/location_service.py", line 244, in search_place
    resp = _session.get(url, headers=headers, timeout=5)
  File "/Library/Frameworks/Python.framework/Versions/3.10/lib/python3.10/unittest/mock.py", line 1104, in __call__
    return self._mock_call(*args, **kwargs)
  File "/Library/Frameworks/Python.framework/Versions/3.10/lib/python3.10/unittest/mock.py", line 1108, in _mock_call
    return self._execute_mock_call(*args, **kwargs)
  File "/Library/Frameworks/Python.framework/Versions/3.10/lib/python3.10/unittest/mock.py", line 1163, in _execute_mock_call
    raise effect
Exception: Kakao Map API Network Timeout
2026-07-22 22:03:05,502 - main - INFO - 글로벌(위치 무관) 데이터 스크래핑을 시작합니다...
2026-07-22 22:03:08,546 - services.location_service - INFO - 📍 IP-based Location: 37.5332, 126.9692
2026-07-22 22:03:08,571 - main - INFO - 글로벌(위치 무관) 데이터 스크래핑을 시작합니다...
2026-07-22 22:03:10,951 - services.location_service - INFO - 📍 IP-based Location: 37.5332, 126.9692
2026-07-22 22:03:10,959 - services.location_service - ERROR - Failed to reverse geocode: OpenStreetMap Network Timeout Error
Traceback (most recent call last):
  File "/Users/steady/.openclaw/workspace/info_waves/services/location_service.py", line 32, in _cached_get_neighborhood
    resp = _session.get(url, headers=headers, params=params, timeout=5)
  File "/Library/Frameworks/Python.framework/Versions/3.10/lib/python3.10/unittest/mock.py", line 1104, in __call__
    return self._mock_call(*args, **kwargs)
  File "/Library/Frameworks/Python.framework/Versions/3.10/lib/python3.10/unittest/mock.py", line 1108, in _mock_call
    return self._execute_mock_call(*args, **kwargs)
  File "/Library/Frameworks/Python.framework/Versions/3.10/lib/python3.10/unittest/mock.py", line 1163, in _execute_mock_call
    raise effect
Exception: OpenStreetMap Network Timeout Error
2026-07-22 22:03:10,965 - services.location_service - WARNING - Failed to fetch IP-based location (Timeout/Network): IP API Timeout
2026-07-22 22:03:10,975 - main - INFO - 글로벌(위치 무관) 데이터 스크래핑을 시작합니다...
2026-07-22 22:03:10,977 - main - INFO - 로컬(위치 기반) 데이터 역매핑을 시작합니다 (좌표: 37.36066, 126.92819, 반경: 3.0km)...
2026-07-22 22:03:13,147 - services.location_service - ERROR - Failed to reverse geocode: 429 Client Error: Too many requests for url: https://nominatim.openstreetmap.org/reverse?lat=37.498&lon=127.028&format=json&zoom=14
Traceback (most recent call last):
  File "/Users/steady/.openclaw/workspace/info_waves/services/location_service.py", line 33, in _cached_get_neighborhood
    resp.raise_for_status()
  File "/Users/steady/.openclaw/workspace/info_waves/venv/lib/python3.10/site-packages/requests/models.py", line 1021, in raise_for_status
    raise HTTPError(http_error_msg, response=self)
requests.exceptions.HTTPError: 429 Client Error: Too many requests for url: https://nominatim.openstreetmap.org/reverse?lat=37.498&lon=127.028&format=json&zoom=14
2026-07-22 22:03:14,360 - services.location_service - ERROR - Failed to reverse geocode: 429 Client Error: Too many requests for url: https://nominatim.openstreetmap.org/reverse?lat=37.522&lon=126.924&format=json&zoom=14
Traceback (most recent call last):
  File "/Users/steady/.openclaw/workspace/info_waves/services/location_service.py", line 33, in _cached_get_neighborhood
    resp.raise_for_status()
  File "/Users/steady/.openclaw/workspace/info_waves/venv/lib/python3.10/site-packages/requests/models.py", line 1021, in raise_for_status
    raise HTTPError(http_error_msg, response=self)
requests.exceptions.HTTPError: 429 Client Error: Too many requests for url: https://nominatim.openstreetmap.org/reverse?lat=37.522&lon=126.924&format=json&zoom=14
2026-07-22 22:03:16,030 - services.location_service - ERROR - Failed to reverse geocode: 429 Client Error: Too many requests for url: https://nominatim.openstreetmap.org/reverse?lat=37.557&lon=126.924&format=json&zoom=14
Traceback (most recent call last):
  File "/Users/steady/.openclaw/workspace/info_waves/services/location_service.py", line 33, in _cached_get_neighborhood
    resp.raise_for_status()
  File "/Users/steady/.openclaw/workspace/info_waves/venv/lib/python3.10/site-packages/requests/models.py", line 1021, in raise_for_status
    raise HTTPError(http_error_msg, response=self)
requests.exceptions.HTTPError: 429 Client Error: Too many requests for url: https://nominatim.openstreetmap.org/reverse?lat=37.557&lon=126.924&format=json&zoom=14
2026-07-22 22:03:18,303 - services.location_service - ERROR - Failed to reverse geocode: 429 Client Error: Too many requests for url: https://nominatim.openstreetmap.org/reverse?lat=37.36&lon=126.92&format=json&zoom=14
Traceback (most recent call last):
  File "/Users/steady/.openclaw/workspace/info_waves/services/location_service.py", line 33, in _cached_get_neighborhood
    resp.raise_for_status()
  File "/Users/steady/.openclaw/workspace/info_waves/venv/lib/python3.10/site-packages/requests/models.py", line 1021, in raise_for_status
    raise HTTPError(http_error_msg, response=self)
requests.exceptions.HTTPError: 429 Client Error: Too many requests for url: https://nominatim.openstreetmap.org/reverse?lat=37.36&lon=126.92&format=json&zoom=14
2026-07-22 22:03:20,334 - services.location_service - ERROR - Failed to reverse geocode: 429 Client Error: Too many requests for url: https://nominatim.openstreetmap.org/reverse?lat=37.395&lon=127.111&format=json&zoom=14
Traceback (most recent call last):
  File "/Users/steady/.openclaw/workspace/info_waves/services/location_service.py", line 33, in _cached_get_neighborhood
    resp.raise_for_status()
  File "/Users/steady/.openclaw/workspace/info_waves/venv/lib/python3.10/site-packages/requests/models.py", line 1021, in raise_for_status
    raise HTTPError(http_error_msg, response=self)
requests.exceptions.HTTPError: 429 Client Error: Too many requests for url: https://nominatim.openstreetmap.org/reverse?lat=37.395&lon=127.111&format=json&zoom=14
2026-07-22 22:03:21,613 - services.location_service - ERROR - Failed to reverse geocode: 429 Client Error: Too many requests for url: https://nominatim.openstreetmap.org/reverse?lat=37.266&lon=127.0&format=json&zoom=14
Traceback (most recent call last):
  File "/Users/steady/.openclaw/workspace/info_waves/services/location_service.py", line 33, in _cached_get_neighborhood
    resp.raise_for_status()
  File "/Users/steady/.openclaw/workspace/info_waves/venv/lib/python3.10/site-packages/requests/models.py", line 1021, in raise_for_status
    raise HTTPError(http_error_msg, response=self)
requests.exceptions.HTTPError: 429 Client Error: Too many requests for url: https://nominatim.openstreetmap.org/reverse?lat=37.266&lon=127.0&format=json&zoom=14
2026-07-22 22:03:23,392 - services.location_service - ERROR - Failed to reverse geocode: 429 Client Error: Too many requests for url: https://nominatim.openstreetmap.org/reverse?lat=37.489&lon=126.725&format=json&zoom=14
Traceback (most recent call last):
  File "/Users/steady/.openclaw/workspace/info_waves/services/location_service.py", line 33, in _cached_get_neighborhood
    resp.raise_for_status()
  File "/Users/steady/.openclaw/workspace/info_waves/venv/lib/python3.10/site-packages/requests/models.py", line 1021, in raise_for_status
    raise HTTPError(http_error_msg, response=self)
requests.exceptions.HTTPError: 429 Client Error: Too many requests for url: https://nominatim.openstreetmap.org/reverse?lat=37.489&lon=126.725&format=json&zoom=14
2026-07-22 22:03:25,654 - services.location_service - ERROR - Failed to reverse geocode: 429 Client Error: Too many requests for url: https://nominatim.openstreetmap.org/reverse?lat=35.158&lon=129.059&format=json&zoom=14
Traceback (most recent call last):
  File "/Users/steady/.openclaw/workspace/info_waves/services/location_service.py", line 33, in _cached_get_neighborhood
    resp.raise_for_status()
  File "/Users/steady/.openclaw/workspace/info_waves/venv/lib/python3.10/site-packages/requests/models.py", line 1021, in raise_for_status
    raise HTTPError(http_error_msg, response=self)
requests.exceptions.HTTPError: 429 Client Error: Too many requests for url: https://nominatim.openstreetmap.org/reverse?lat=35.158&lon=129.059&format=json&zoom=14
2026-07-22 22:03:28,333 - services.location_service - ERROR - Failed to reverse geocode: 429 Client Error: Too many requests for url: https://nominatim.openstreetmap.org/reverse?lat=35.871&lon=128.594&format=json&zoom=14
Traceback (most recent call last):
  File "/Users/steady/.openclaw/workspace/info_waves/services/location_service.py", line 33, in _cached_get_neighborhood
    resp.raise_for_status()
  File "/Users/steady/.openclaw/workspace/info_waves/venv/lib/python3.10/site-packages/requests/models.py", line 1021, in raise_for_status
    raise HTTPError(http_error_msg, response=self)
requests.exceptions.HTTPError: 429 Client Error: Too many requests for url: https://nominatim.openstreetmap.org/reverse?lat=35.871&lon=128.594&format=json&zoom=14
2026-07-22 22:03:29,760 - services.location_service - ERROR - Failed to reverse geocode: 429 Client Error: Too many requests for url: https://nominatim.openstreetmap.org/reverse?lat=36.358&lon=127.382&format=json&zoom=14
Traceback (most recent call last):
  File "/Users/steady/.openclaw/workspace/info_waves/services/location_service.py", line 33, in _cached_get_neighborhood
    resp.raise_for_status()
  File "/Users/steady/.openclaw/workspace/info_waves/venv/lib/python3.10/site-packages/requests/models.py", line 1021, in raise_for_status
    raise HTTPError(http_error_msg, response=self)
requests.exceptions.HTTPError: 429 Client Error: Too many requests for url: https://nominatim.openstreetmap.org/reverse?lat=36.358&lon=127.382&format=json&zoom=14
2026-07-22 22:03:29,852 - main - INFO - 로컬(위치 기반) 데이터 역매핑을 시작합니다 (좌표: 37.36066, 126.92819, 반경: 3.0km)...
2026-07-22 22:03:31,952 - services.location_service - ERROR - Failed to reverse geocode: 429 Client Error: Too many requests for url: https://nominatim.openstreetmap.org/reverse?lat=37.361&lon=126.928&format=json&zoom=14
Traceback (most recent call last):
  File "/Users/steady/.openclaw/workspace/info_waves/services/location_service.py", line 33, in _cached_get_neighborhood
    resp.raise_for_status()
  File "/Users/steady/.openclaw/workspace/info_waves/venv/lib/python3.10/site-packages/requests/models.py", line 1021, in raise_for_status
    raise HTTPError(http_error_msg, response=self)
requests.exceptions.HTTPError: 429 Client Error: Too many requests for url: https://nominatim.openstreetmap.org/reverse?lat=37.361&lon=126.928&format=json&zoom=14
2026-07-22 22:03:31,956 - services.location_service - INFO - OpenStreetMap Reverse Geocoding: 37.36, 126.928 -> 산본동
2026-07-22 22:03:31,974 - main - INFO - 로컬(위치 기반) 데이터 역매핑을 시작합니다 (좌표: 37.36066, 126.92819, 반경: 3.0km)...
2026-07-22 22:03:32,475 - main - INFO - 로컬(위치 기반) 데이터 역매핑을 시작합니다 (좌표: 37.36066, 126.92819, 반경: 3.0km)...
2026-07-22 22:03:32,476 - main - INFO - 로컬(위치 기반) 데이터 역매핑을 시작합니다 (좌표: 37.36066, 126.92819, 반경: 3.0km)...
2026-07-22 22:03:32,477 - main - INFO - 로컬(위치 기반) 데이터 역매핑을 시작합니다 (좌표: 37.36066, 126.92819, 반경: 3.0km)...
2026-07-22 22:03:32,480 - main - INFO - 로컬(위치 기반) 데이터 역매핑을 시작합니다 (좌표: 37.36066, 126.92819, 반경: 3.0km)...
2026-07-22 22:03:32,480 - main - INFO - 로컬(위치 기반) 데이터 역매핑을 시작합니다 (좌표: 37.36066, 126.92819, 반경: 3.0km)...
2026-07-22 22:03:32,482 - services.location_service - ERROR - Failed to search place 강남역: Kakao Map API Network Timeout
Traceback (most recent call last):
  File "/Users/steady/.openclaw/workspace/info_waves/services/location_service.py", line 244, in search_place
    resp = _session.get(url, headers=headers, timeout=5)
  File "/Library/Frameworks/Python.framework/Versions/3.10/lib/python3.10/unittest/mock.py", line 1104, in __call__
    return self._mock_call(*args, **kwargs)
  File "/Library/Frameworks/Python.framework/Versions/3.10/lib/python3.10/unittest/mock.py", line 1108, in _mock_call
    return self._execute_mock_call(*args, **kwargs)
  File "/Library/Frameworks/Python.framework/Versions/3.10/lib/python3.10/unittest/mock.py", line 1163, in _execute_mock_call
    raise effect
Exception: Kakao Map API Network Timeout
2026-07-22 22:03:43,066 - main - INFO - 글로벌(위치 무관) 데이터 스크래핑을 시작합니다...
2026-07-22 22:03:47,885 - services.location_service - INFO - 📍 IP-based Location: 37.5332, 126.9692
2026-07-22 22:03:47,908 - main - INFO - 글로벌(위치 무관) 데이터 스크래핑을 시작합니다...
2026-07-22 22:03:50,020 - services.location_service - INFO - 📍 IP-based Location: 37.5332, 126.9692
2026-07-22 22:03:50,029 - services.location_service - ERROR - Failed to reverse geocode: OpenStreetMap Network Timeout Error
Traceback (most recent call last):
  File "/Users/steady/.openclaw/workspace/info_waves/services/location_service.py", line 32, in _cached_get_neighborhood
    resp = _session.get(url, headers=headers, params=params, timeout=5)
  File "/Library/Frameworks/Python.framework/Versions/3.10/lib/python3.10/unittest/mock.py", line 1104, in __call__
    return self._mock_call(*args, **kwargs)
  File "/Library/Frameworks/Python.framework/Versions/3.10/lib/python3.10/unittest/mock.py", line 1108, in _mock_call
    return self._execute_mock_call(*args, **kwargs)
  File "/Library/Frameworks/Python.framework/Versions/3.10/lib/python3.10/unittest/mock.py", line 1163, in _execute_mock_call
    raise effect
Exception: OpenStreetMap Network Timeout Error
2026-07-22 22:03:50,035 - services.location_service - WARNING - Failed to fetch IP-based location (Timeout/Network): IP API Timeout
2026-07-22 22:03:50,045 - main - INFO - 글로벌(위치 무관) 데이터 스크래핑을 시작합니다...
2026-07-22 22:03:50,047 - main - INFO - 로컬(위치 기반) 데이터 역매핑을 시작합니다 (좌표: 37.36066, 126.92819, 반경: 3.0km)...
2026-07-22 22:03:52,381 - services.location_service - ERROR - Failed to reverse geocode: 429 Client Error: Too many requests for url: https://nominatim.openstreetmap.org/reverse?lat=37.498&lon=127.028&format=json&zoom=14
Traceback (most recent call last):
  File "/Users/steady/.openclaw/workspace/info_waves/services/location_service.py", line 33, in _cached_get_neighborhood
    resp.raise_for_status()
  File "/Users/steady/.openclaw/workspace/info_waves/venv/lib/python3.10/site-packages/requests/models.py", line 1021, in raise_for_status
    raise HTTPError(http_error_msg, response=self)
requests.exceptions.HTTPError: 429 Client Error: Too many requests for url: https://nominatim.openstreetmap.org/reverse?lat=37.498&lon=127.028&format=json&zoom=14
2026-07-22 22:03:53,871 - services.location_service - ERROR - Failed to reverse geocode: 429 Client Error: Too many requests for url: https://nominatim.openstreetmap.org/reverse?lat=37.522&lon=126.924&format=json&zoom=14
Traceback (most recent call last):
  File "/Users/steady/.openclaw/workspace/info_waves/services/location_service.py", line 33, in _cached_get_neighborhood
    resp.raise_for_status()
  File "/Users/steady/.openclaw/workspace/info_waves/venv/lib/python3.10/site-packages/requests/models.py", line 1021, in raise_for_status
    raise HTTPError(http_error_msg, response=self)
requests.exceptions.HTTPError: 429 Client Error: Too many requests for url: https://nominatim.openstreetmap.org/reverse?lat=37.522&lon=126.924&format=json&zoom=14
2026-07-22 22:03:55,359 - services.location_service - ERROR - Failed to reverse geocode: 429 Client Error: Too many requests for url: https://nominatim.openstreetmap.org/reverse?lat=37.557&lon=126.924&format=json&zoom=14
Traceback (most recent call last):
  File "/Users/steady/.openclaw/workspace/info_waves/services/location_service.py", line 33, in _cached_get_neighborhood
    resp.raise_for_status()
  File "/Users/steady/.openclaw/workspace/info_waves/venv/lib/python3.10/site-packages/requests/models.py", line 1021, in raise_for_status
    raise HTTPError(http_error_msg, response=self)
requests.exceptions.HTTPError: 429 Client Error: Too many requests for url: https://nominatim.openstreetmap.org/reverse?lat=37.557&lon=126.924&format=json&zoom=14
2026-07-22 22:03:56,969 - services.location_service - ERROR - Failed to reverse geocode: 429 Client Error: Too many requests for url: https://nominatim.openstreetmap.org/reverse?lat=37.36&lon=126.92&format=json&zoom=14
Traceback (most recent call last):
  File "/Users/steady/.openclaw/workspace/info_waves/services/location_service.py", line 33, in _cached_get_neighborhood
    resp.raise_for_status()
  File "/Users/steady/.openclaw/workspace/info_waves/venv/lib/python3.10/site-packages/requests/models.py", line 1021, in raise_for_status
    raise HTTPError(http_error_msg, response=self)
requests.exceptions.HTTPError: 429 Client Error: Too many requests for url: https://nominatim.openstreetmap.org/reverse?lat=37.36&lon=126.92&format=json&zoom=14
2026-07-22 22:03:58,880 - services.location_service - ERROR - Failed to reverse geocode: 429 Client Error: Too many requests for url: https://nominatim.openstreetmap.org/reverse?lat=37.395&lon=127.111&format=json&zoom=14
Traceback (most recent call last):
  File "/Users/steady/.openclaw/workspace/info_waves/services/location_service.py", line 33, in _cached_get_neighborhood
    resp.raise_for_status()
  File "/Users/steady/.openclaw/workspace/info_waves/venv/lib/python3.10/site-packages/requests/models.py", line 1021, in raise_for_status
    raise HTTPError(http_error_msg, response=self)
requests.exceptions.HTTPError: 429 Client Error: Too many requests for url: https://nominatim.openstreetmap.org/reverse?lat=37.395&lon=127.111&format=json&zoom=14
2026-07-22 22:04:01,333 - services.location_service - ERROR - Failed to reverse geocode: 429 Client Error: Too many requests for url: https://nominatim.openstreetmap.org/reverse?lat=37.266&lon=127.0&format=json&zoom=14
Traceback (most recent call last):
  File "/Users/steady/.openclaw/workspace/info_waves/services/location_service.py", line 33, in _cached_get_neighborhood
    resp.raise_for_status()
  File "/Users/steady/.openclaw/workspace/info_waves/venv/lib/python3.10/site-packages/requests/models.py", line 1021, in raise_for_status
    raise HTTPError(http_error_msg, response=self)
requests.exceptions.HTTPError: 429 Client Error: Too many requests for url: https://nominatim.openstreetmap.org/reverse?lat=37.266&lon=127.0&format=json&zoom=14
2026-07-22 22:04:02,621 - services.location_service - ERROR - Failed to reverse geocode: 429 Client Error: Too many requests for url: https://nominatim.openstreetmap.org/reverse?lat=37.489&lon=126.725&format=json&zoom=14
Traceback (most recent call last):
  File "/Users/steady/.openclaw/workspace/info_waves/services/location_service.py", line 33, in _cached_get_neighborhood
    resp.raise_for_status()
  File "/Users/steady/.openclaw/workspace/info_waves/venv/lib/python3.10/site-packages/requests/models.py", line 1021, in raise_for_status
    raise HTTPError(http_error_msg, response=self)
requests.exceptions.HTTPError: 429 Client Error: Too many requests for url: https://nominatim.openstreetmap.org/reverse?lat=37.489&lon=126.725&format=json&zoom=14
2026-07-22 22:04:04,431 - services.location_service - ERROR - Failed to reverse geocode: 429 Client Error: Too many requests for url: https://nominatim.openstreetmap.org/reverse?lat=35.158&lon=129.059&format=json&zoom=14
Traceback (most recent call last):
  File "/Users/steady/.openclaw/workspace/info_waves/services/location_service.py", line 33, in _cached_get_neighborhood
    resp.raise_for_status()
  File "/Users/steady/.openclaw/workspace/info_waves/venv/lib/python3.10/site-packages/requests/models.py", line 1021, in raise_for_status
    raise HTTPError(http_error_msg, response=self)
requests.exceptions.HTTPError: 429 Client Error: Too many requests for url: https://nominatim.openstreetmap.org/reverse?lat=35.158&lon=129.059&format=json&zoom=14
2026-07-22 22:04:06,207 - services.location_service - ERROR - Failed to reverse geocode: 429 Client Error: Too many requests for url: https://nominatim.openstreetmap.org/reverse?lat=35.871&lon=128.594&format=json&zoom=14
Traceback (most recent call last):
  File "/Users/steady/.openclaw/workspace/info_waves/services/location_service.py", line 33, in _cached_get_neighborhood
    resp.raise_for_status()
  File "/Users/steady/.openclaw/workspace/info_waves/venv/lib/python3.10/site-packages/requests/models.py", line 1021, in raise_for_status
    raise HTTPError(http_error_msg, response=self)
requests.exceptions.HTTPError: 429 Client Error: Too many requests for url: https://nominatim.openstreetmap.org/reverse?lat=35.871&lon=128.594&format=json&zoom=14
2026-07-22 22:04:07,983 - services.location_service - ERROR - Failed to reverse geocode: 429 Client Error: Too many requests for url: https://nominatim.openstreetmap.org/reverse?lat=36.358&lon=127.382&format=json&zoom=14
Traceback (most recent call last):
  File "/Users/steady/.openclaw/workspace/info_waves/services/location_service.py", line 33, in _cached_get_neighborhood
    resp.raise_for_status()
  File "/Users/steady/.openclaw/workspace/info_waves/venv/lib/python3.10/site-packages/requests/models.py", line 1021, in raise_for_status
    raise HTTPError(http_error_msg, response=self)
requests.exceptions.HTTPError: 429 Client Error: Too many requests for url: https://nominatim.openstreetmap.org/reverse?lat=36.358&lon=127.382&format=json&zoom=14
2026-07-22 22:04:08,014 - main - INFO - 로컬(위치 기반) 데이터 역매핑을 시작합니다 (좌표: 37.36066, 126.92819, 반경: 3.0km)...
2026-07-22 22:04:09,383 - services.location_service - ERROR - Failed to reverse geocode: 429 Client Error: Too many requests for url: https://nominatim.openstreetmap.org/reverse?lat=37.361&lon=126.928&format=json&zoom=14
Traceback (most recent call last):
  File "/Users/steady/.openclaw/workspace/info_waves/services/location_service.py", line 33, in _cached_get_neighborhood
    resp.raise_for_status()
  File "/Users/steady/.openclaw/workspace/info_waves/venv/lib/python3.10/site-packages/requests/models.py", line 1021, in raise_for_status
    raise HTTPError(http_error_msg, response=self)
requests.exceptions.HTTPError: 429 Client Error: Too many requests for url: https://nominatim.openstreetmap.org/reverse?lat=37.361&lon=126.928&format=json&zoom=14
2026-07-22 22:04:09,389 - services.location_service - INFO - OpenStreetMap Reverse Geocoding: 37.36, 126.928 -> 산본동
2026-07-22 22:04:09,405 - main - INFO - 로컬(위치 기반) 데이터 역매핑을 시작합니다 (좌표: 37.36066, 126.92819, 반경: 3.0km)...
2026-07-22 22:04:09,766 - main - INFO - 로컬(위치 기반) 데이터 역매핑을 시작합니다 (좌표: 37.36066, 126.92819, 반경: 3.0km)...
2026-07-22 22:04:09,767 - main - INFO - 로컬(위치 기반) 데이터 역매핑을 시작합니다 (좌표: 37.36066, 126.92819, 반경: 3.0km)...
2026-07-22 22:04:09,767 - main - INFO - 로컬(위치 기반) 데이터 역매핑을 시작합니다 (좌표: 37.36066, 126.92819, 반경: 3.0km)...
2026-07-22 22:04:09,768 - main - INFO - 로컬(위치 기반) 데이터 역매핑을 시작합니다 (좌표: 37.36066, 126.92819, 반경: 3.0km)...
2026-07-22 22:04:09,768 - main - INFO - 로컬(위치 기반) 데이터 역매핑을 시작합니다 (좌표: 37.36066, 126.92819, 반경: 3.0km)...
2026-07-22 22:04:09,769 - services.location_service - ERROR - Failed to search place 강남역: Kakao Map API Network Timeout
Traceback (most recent call last):
  File "/Users/steady/.openclaw/workspace/info_waves/services/location_service.py", line 244, in search_place
    resp = _session.get(url, headers=headers, timeout=5)
  File "/Library/Frameworks/Python.framework/Versions/3.10/lib/python3.10/unittest/mock.py", line 1104, in __call__
    return self._mock_call(*args, **kwargs)
  File "/Library/Frameworks/Python.framework/Versions/3.10/lib/python3.10/unittest/mock.py", line 1108, in _mock_call
    return self._execute_mock_call(*args, **kwargs)
  File "/Library/Frameworks/Python.framework/Versions/3.10/lib/python3.10/unittest/mock.py", line 1163, in _execute_mock_call
    raise effect
Exception: Kakao Map API Network Timeout
2026-07-22 22:04:22,492 - services.location_service - INFO - 📍 IP-based Location: 37.5332, 126.9692
2026-07-22 22:04:23,354 - services.location_service - INFO - 📍 IP-based Location: 37.5332, 126.9692
2026-07-22 22:04:23,356 - app - INFO - 📍 Device Real Location Initialized: 37.360526, 126.920303
2026-07-22 22:04:23,872 - services.location_service - INFO - 📍 IP-based Location: 37.5332, 126.9692
2026-07-22 22:04:25,086 - services.location_service - INFO - 📍 IP-based Location: 37.5332, 126.9692
2026-07-22 22:06:31,376 - main - INFO - 글로벌(위치 무관) 데이터 스크래핑을 시작합니다...
2026-07-22 22:06:35,119 - services.location_service - INFO - 📍 IP-based Location: 37.5332, 126.9692
2026-07-22 22:06:35,139 - main - INFO - 글로벌(위치 무관) 데이터 스크래핑을 시작합니다...
2026-07-22 22:06:37,999 - services.location_service - INFO - 📍 IP-based Location: 37.5332, 126.9692
2026-07-22 22:06:38,008 - services.location_service - ERROR - Failed to reverse geocode: OpenStreetMap Network Timeout Error
Traceback (most recent call last):
  File "/Users/steady/.openclaw/workspace/info_waves/services/location_service.py", line 32, in _cached_get_neighborhood
    resp = _session.get(url, headers=headers, params=params, timeout=5)
  File "/Library/Frameworks/Python.framework/Versions/3.10/lib/python3.10/unittest/mock.py", line 1104, in __call__
    return self._mock_call(*args, **kwargs)
  File "/Library/Frameworks/Python.framework/Versions/3.10/lib/python3.10/unittest/mock.py", line 1108, in _mock_call
    return self._execute_mock_call(*args, **kwargs)
  File "/Library/Frameworks/Python.framework/Versions/3.10/lib/python3.10/unittest/mock.py", line 1163, in _execute_mock_call
    raise effect
Exception: OpenStreetMap Network Timeout Error
2026-07-22 22:06:38,013 - services.location_service - WARNING - Failed to fetch IP-based location (Timeout/Network): IP API Timeout
2026-07-22 22:06:38,023 - main - INFO - 글로벌(위치 무관) 데이터 스크래핑을 시작합니다...
2026-07-22 22:06:38,025 - main - INFO - 로컬(위치 기반) 데이터 역매핑을 시작합니다 (좌표: 37.36066, 126.92819, 반경: 3.0km)...
2026-07-22 22:06:38,412 - services.location_service - INFO - OpenStreetMap Reverse Geocoding: 37.498, 127.028 -> 역삼1동
2026-07-22 22:06:38,479 - services.location_service - INFO - OpenStreetMap Reverse Geocoding: 37.522, 126.924 -> 여의도동
2026-07-22 22:06:38,558 - services.location_service - INFO - OpenStreetMap Reverse Geocoding: 37.557, 126.924 -> 동교동
2026-07-22 22:06:39,072 - services.location_service - INFO - OpenStreetMap Reverse Geocoding: 37.36, 126.92 -> 산본2동
2026-07-22 22:06:39,127 - services.location_service - INFO - OpenStreetMap Reverse Geocoding: 37.395, 127.111 -> 백현동
2026-07-22 22:06:39,188 - services.location_service - INFO - OpenStreetMap Reverse Geocoding: 37.266, 127.0 -> 매산로1가
2026-07-22 22:06:39,246 - services.location_service - INFO - OpenStreetMap Reverse Geocoding: 37.489, 126.725 -> 부평동
2026-07-22 22:06:39,310 - services.location_service - INFO - OpenStreetMap Reverse Geocoding: 35.158, 129.059 -> 범전동
2026-07-22 22:06:39,370 - services.location_service - INFO - OpenStreetMap Reverse Geocoding: 35.871, 128.594 -> 동일동
2026-07-22 22:06:39,438 - services.location_service - INFO - OpenStreetMap Reverse Geocoding: 36.358, 127.382 -> 둔산동
2026-07-22 22:06:39,466 - main - INFO - 로컬(위치 기반) 데이터 역매핑을 시작합니다 (좌표: 37.36066, 126.92819, 반경: 3.0km)...
2026-07-22 22:06:40,708 - services.location_service - INFO - OpenStreetMap Reverse Geocoding: 37.361, 126.928 -> 산본2동
2026-07-22 22:06:40,711 - services.location_service - INFO - OpenStreetMap Reverse Geocoding: 37.36, 126.928 -> 산본동
2026-07-22 22:06:40,723 - main - INFO - 로컬(위치 기반) 데이터 역매핑을 시작합니다 (좌표: 37.36066, 126.92819, 반경: 3.0km)...
2026-07-22 22:06:41,102 - main - INFO - 로컬(위치 기반) 데이터 역매핑을 시작합니다 (좌표: 37.36066, 126.92819, 반경: 3.0km)...
2026-07-22 22:06:41,103 - main - INFO - 로컬(위치 기반) 데이터 역매핑을 시작합니다 (좌표: 37.36066, 126.92819, 반경: 3.0km)...
2026-07-22 22:06:41,105 - main - INFO - 로컬(위치 기반) 데이터 역매핑을 시작합니다 (좌표: 37.36066, 126.92819, 반경: 3.0km)...
2026-07-22 22:06:41,105 - main - INFO - 로컬(위치 기반) 데이터 역매핑을 시작합니다 (좌표: 37.36066, 126.92819, 반경: 3.0km)...
2026-07-22 22:06:41,106 - main - INFO - 로컬(위치 기반) 데이터 역매핑을 시작합니다 (좌표: 37.36066, 126.92819, 반경: 3.0km)...
2026-07-22 22:06:41,108 - services.location_service - ERROR - Failed to search place 강남역: Kakao Map API Network Timeout
Traceback (most recent call last):
  File "/Users/steady/.openclaw/workspace/info_waves/services/location_service.py", line 244, in search_place
    resp = _session.get(url, headers=headers, timeout=5)
  File "/Library/Frameworks/Python.framework/Versions/3.10/lib/python3.10/unittest/mock.py", line 1104, in __call__
    return self._mock_call(*args, **kwargs)
  File "/Library/Frameworks/Python.framework/Versions/3.10/lib/python3.10/unittest/mock.py", line 1108, in _mock_call
    return self._execute_mock_call(*args, **kwargs)
  File "/Library/Frameworks/Python.framework/Versions/3.10/lib/python3.10/unittest/mock.py", line 1163, in _execute_mock_call
    raise effect
Exception: Kakao Map API Network Timeout
2026-07-22 22:07:05,422 - main - INFO - 글로벌(위치 무관) 데이터 스크래핑을 시작합니다...
2026-07-22 22:07:07,516 - services.location_service - INFO - 📍 IP-based Location: 37.5332, 126.9692
2026-07-22 22:07:08,370 - services.location_service - INFO - 📍 IP-based Location: 37.5332, 126.9692
2026-07-22 22:07:08,372 - app - INFO - 📍 Device Real Location Initialized: 37.360637, 126.920329
2026-07-22 22:07:08,931 - services.location_service - INFO - 📍 IP-based Location: 37.5332, 126.9692
2026-07-22 22:07:09,087 - services.location_service - INFO - 📍 IP-based Location: 37.5332, 126.9692
2026-07-22 22:12:08,875 - main - INFO - 글로벌(위치 무관) 데이터 스크래핑을 시작합니다...
2026-07-22 22:12:13,929 - services.location_service - INFO - 📍 IP-based Location: 37.5332, 126.9692
2026-07-22 22:12:13,954 - main - INFO - 글로벌(위치 무관) 데이터 스크래핑을 시작합니다...
2026-07-22 22:12:16,572 - services.location_service - INFO - 📍 IP-based Location: 37.5332, 126.9692
2026-07-22 22:12:16,581 - services.location_service - ERROR - Failed to reverse geocode: OpenStreetMap Network Timeout Error
Traceback (most recent call last):
  File "/Users/steady/.openclaw/workspace/info_waves/services/location_service.py", line 32, in _cached_get_neighborhood
    resp = _session.get(url, headers=headers, params=params, timeout=5)
  File "/Library/Frameworks/Python.framework/Versions/3.10/lib/python3.10/unittest/mock.py", line 1104, in __call__
    return self._mock_call(*args, **kwargs)
  File "/Library/Frameworks/Python.framework/Versions/3.10/lib/python3.10/unittest/mock.py", line 1108, in _mock_call
    return self._execute_mock_call(*args, **kwargs)
  File "/Library/Frameworks/Python.framework/Versions/3.10/lib/python3.10/unittest/mock.py", line 1163, in _execute_mock_call
    raise effect
Exception: OpenStreetMap Network Timeout Error
2026-07-22 22:12:16,586 - services.location_service - WARNING - Failed to fetch IP-based location (Timeout/Network): IP API Timeout
2026-07-22 22:12:16,597 - main - INFO - 글로벌(위치 무관) 데이터 스크래핑을 시작합니다...
2026-07-22 22:12:16,599 - main - INFO - 로컬(위치 기반) 데이터 역매핑을 시작합니다 (좌표: 37.36066, 126.92819, 반경: 3.0km)...
2026-07-22 22:12:16,941 - services.location_service - INFO - OpenStreetMap Reverse Geocoding: 37.498, 127.028 -> 역삼1동
2026-07-22 22:12:17,000 - services.location_service - INFO - OpenStreetMap Reverse Geocoding: 37.522, 126.924 -> 여의도동
2026-07-22 22:12:17,056 - services.location_service - INFO - OpenStreetMap Reverse Geocoding: 37.557, 126.924 -> 동교동
2026-07-22 22:12:17,121 - services.location_service - INFO - OpenStreetMap Reverse Geocoding: 37.36, 126.92 -> 산본2동
2026-07-22 22:12:17,171 - services.location_service - INFO - OpenStreetMap Reverse Geocoding: 37.395, 127.111 -> 백현동
2026-07-22 22:12:17,232 - services.location_service - INFO - OpenStreetMap Reverse Geocoding: 37.266, 127.0 -> 매산로1가
2026-07-22 22:12:17,282 - services.location_service - INFO - OpenStreetMap Reverse Geocoding: 37.489, 126.725 -> 부평동
2026-07-22 22:12:17,406 - services.location_service - INFO - OpenStreetMap Reverse Geocoding: 35.158, 129.059 -> 범전동
2026-07-22 22:12:17,582 - services.location_service - INFO - OpenStreetMap Reverse Geocoding: 35.871, 128.594 -> 동일동
2026-07-22 22:12:17,640 - services.location_service - INFO - OpenStreetMap Reverse Geocoding: 36.358, 127.382 -> 둔산동
2026-07-22 22:12:17,667 - main - INFO - 로컬(위치 기반) 데이터 역매핑을 시작합니다 (좌표: 37.36066, 126.92819, 반경: 3.0km)...
2026-07-22 22:12:17,719 - services.location_service - INFO - OpenStreetMap Reverse Geocoding: 37.361, 126.928 -> 산본2동
2026-07-22 22:12:17,722 - services.location_service - INFO - OpenStreetMap Reverse Geocoding: 37.36, 126.928 -> 산본동
2026-07-22 22:12:17,735 - main - INFO - 로컬(위치 기반) 데이터 역매핑을 시작합니다 (좌표: 37.36066, 126.92819, 반경: 3.0km)...
2026-07-22 22:12:18,276 - main - INFO - 로컬(위치 기반) 데이터 역매핑을 시작합니다 (좌표: 37.36066, 126.92819, 반경: 3.0km)...
2026-07-22 22:12:18,279 - main - INFO - 로컬(위치 기반) 데이터 역매핑을 시작합니다 (좌표: 37.36066, 126.92819, 반경: 3.0km)...
2026-07-22 22:12:18,280 - main - INFO - 로컬(위치 기반) 데이터 역매핑을 시작합니다 (좌표: 37.36066, 126.92819, 반경: 3.0km)...
2026-07-22 22:12:18,280 - main - INFO - 로컬(위치 기반) 데이터 역매핑을 시작합니다 (좌표: 37.36066, 126.92819, 반경: 3.0km)...
2026-07-22 22:12:18,281 - main - INFO - 로컬(위치 기반) 데이터 역매핑을 시작합니다 (좌표: 37.36066, 126.92819, 반경: 3.0km)...
2026-07-22 22:12:18,282 - services.location_service - ERROR - Failed to search place 강남역: Kakao Map API Network Timeout
Traceback (most recent call last):
  File "/Users/steady/.openclaw/workspace/info_waves/services/location_service.py", line 244, in search_place
    resp = _session.get(url, headers=headers, timeout=5)
  File "/Library/Frameworks/Python.framework/Versions/3.10/lib/python3.10/unittest/mock.py", line 1104, in __call__
    return self._mock_call(*args, **kwargs)
  File "/Library/Frameworks/Python.framework/Versions/3.10/lib/python3.10/unittest/mock.py", line 1108, in _mock_call
    return self._execute_mock_call(*args, **kwargs)
  File "/Library/Frameworks/Python.framework/Versions/3.10/lib/python3.10/unittest/mock.py", line 1163, in _execute_mock_call
    raise effect
Exception: Kakao Map API Network Timeout
2026-07-22 22:16:17,815 - main - INFO - 글로벌(위치 무관) 데이터 스크래핑을 시작합니다...
2026-07-22 22:16:21,525 - services.location_service - INFO - 📍 IP-based Location: 37.5332, 126.9692
2026-07-22 22:16:21,527 - services.location_service - INFO - 📍 IP-based Location: 37.5332, 126.9692
2026-07-22 22:16:24,386 - services.location_service - INFO - 📍 IP-based Location: 37.5332, 126.9692
2026-07-22 22:16:24,389 - app - INFO - 📍 Device Real Location Initialized: 37.360603, 126.920287
2026-07-22 22:16:25,002 - services.location_service - INFO - 📍 IP-based Location: 37.5332, 126.9692
2026-07-22 22:16:26,494 - services.location_service - INFO - 📍 IP-based Location: 37.5332, 126.9692
2026-07-22 22:16:26,497 - app - INFO - 📍 Device Real Location Initialized: 37.360603, 126.920287
2026-07-22 22:16:27,254 - services.location_service - INFO - 📍 IP-based Location: 37.5332, 126.9692
2026-07-22 22:16:39,092 - services.location_service - INFO - 📍 IP-based Location: 37.5332, 126.9692
2026-07-22 22:16:40,166 - services.location_service - INFO - 📍 IP-based Location: 37.5332, 126.9692
2026-07-22 22:16:40,167 - app - INFO - 📍 Device Real Location Initialized: 37.360603, 126.920287
2026-07-22 22:16:40,775 - services.location_service - INFO - 📍 IP-based Location: 37.5332, 126.9692
2026-07-22 22:16:41,371 - services.location_service - INFO - 📍 IP-based Location: 37.5332, 126.9692
2026-07-22 22:16:42,307 - services.location_service - INFO - 📍 IP-based Location: 37.5332, 126.9692
2026-07-22 22:16:42,310 - app - INFO - 📍 Device Real Location Initialized: 37.360603, 126.920287
2026-07-22 22:16:42,854 - services.location_service - INFO - 📍 IP-based Location: 37.5332, 126.9692
2026-07-22 22:16:47,463 - services.location_service - INFO - 📍 IP-based Location: 37.5332, 126.9692
2026-07-22 22:16:48,232 - services.location_service - INFO - 📍 IP-based Location: 37.5332, 126.9692
2026-07-22 22:16:48,234 - app - INFO - 📍 Device Real Location Initialized: 37.360603, 126.920287
2026-07-22 22:16:48,830 - services.location_service - INFO - 📍 IP-based Location: 37.5332, 126.9692
2026-07-22 22:17:00,884 - services.location_service - INFO - 📍 IP-based Location: 37.5332, 126.9692
2026-07-22 22:17:06,064 - services.location_service - INFO - 📍 IP-based Location: 37.5332, 126.9692
2026-07-22 22:17:11,798 - services.location_service - INFO - 📍 IP-based Location: 37.5332, 126.9692
2026-07-22 22:17:11,824 - main - INFO - 로컬(위치 기반) 데이터 역매핑을 시작합니다 (좌표: 37.3606, 126.92029, 반경: 3.0km)...
2026-07-22 22:17:13,027 - services.location_service - INFO - OpenStreetMap Reverse Geocoding: 37.361, 126.92 -> 산본2동
2026-07-22 22:17:16,219 - services.location_service - INFO - 📍 IP-based Location: 37.5332, 126.9692
2026-07-22 22:17:50,914 - services.location_service - INFO - 📍 IP-based Location: 37.5332, 126.9692
2026-07-22 22:17:51,939 - services.location_service - INFO - 📍 IP-based Location: 37.5332, 126.9692
2026-07-22 22:20:55,750 - services.location_service - INFO - 📍 IP-based Location: 37.5332, 126.9692
2026-07-22 22:20:56,434 - services.location_service - INFO - 📍 IP-based Location: 37.5332, 126.9692
2026-07-22 22:23:06,860 - services.location_service - INFO - 📍 IP-based Location: 37.5332, 126.9692
2026-07-22 22:23:28,372 - services.location_service - INFO - 📍 IP-based Location: 37.5332, 126.9692
2026-07-22 22:23:29,107 - services.location_service - INFO - 📍 IP-based Location: 37.5332, 126.9692
2026-07-22 22:23:43,504 - services.location_service - INFO - 📍 IP-based Location: 37.5332, 126.9692
2026-07-22 22:23:44,924 - services.location_service - INFO - 📍 IP-based Location: 37.5332, 126.9692
2026-07-22 22:23:48,446 - services.location_service - INFO - 📍 IP-based Location: 37.5332, 126.9692
2026-07-22 22:23:50,132 - services.location_service - INFO - 📍 IP-based Location: 37.5332, 126.9692
2026-07-22 22:23:50,159 - main - INFO - 로컬(위치 기반) 데이터 역매핑을 시작합니다 (좌표: 37.36023, 126.92043, 반경: 0.5km)...
2026-07-22 22:23:50,519 - services.location_service - INFO - OpenStreetMap Reverse Geocoding: 37.36, 126.92 -> 산본2동
2026-07-22 22:23:51,407 - services.location_service - INFO - 📍 IP-based Location: 37.5332, 126.9692
2026-07-22 22:24:12,261 - services.location_service - INFO - 📍 IP-based Location: 37.5332, 126.9692
2026-07-22 22:24:12,334 - app - INFO - [MAP_CLICK_PROCESS] Updating location base to (37.358338, 126.925253)
2026-07-22 22:24:12,915 - services.location_service - INFO - 📍 IP-based Location: 37.5332, 126.9692
2026-07-22 22:24:17,855 - services.location_service - INFO - 📍 IP-based Location: 37.5332, 126.9692
2026-07-22 22:24:17,882 - main - INFO - 로컬(위치 기반) 데이터 역매핑을 시작합니다 (좌표: 37.35834, 126.92525, 반경: 0.5km)...
2026-07-22 22:24:18,295 - services.location_service - INFO - OpenStreetMap Reverse Geocoding: 37.358, 126.925 -> 산본2동
2026-07-22 22:24:22,085 - services.location_service - INFO - 📍 IP-based Location: 37.5332, 126.9692
2026-07-22 22:24:39,801 - services.location_service - INFO - 📍 IP-based Location: 37.5332, 126.9692
2026-07-22 22:24:42,668 - services.location_service - INFO - 📍 IP-based Location: 37.5332, 126.9692
2026-07-22 22:25:13,858 - services.location_service - INFO - 📍 IP-based Location: 37.5332, 126.9692
2026-07-22 22:25:14,954 - services.location_service - INFO - 📍 IP-based Location: 37.5332, 126.9692
2026-07-22 22:25:17,889 - services.location_service - INFO - 📍 IP-based Location: 37.5332, 126.9692
2026-07-22 22:25:18,766 - services.location_service - INFO - 📍 IP-based Location: 37.5332, 126.9692
2026-07-22 22:41:15,718 - main - INFO - 글로벌(위치 무관) 데이터 스크래핑을 시작합니다...
2026-07-22 22:41:19,305 - services.location_service - INFO - 📍 IP-based Location: 37.5332, 126.9692
2026-07-22 22:41:20,039 - services.location_service - INFO - 📍 IP-based Location: 37.5332, 126.9692
2026-07-22 22:41:20,040 - app - INFO - 📍 Device Real Location Initialized: 37.360617, 126.920312
2026-07-22 22:41:21,293 - services.location_service - INFO - 📍 IP-based Location: 37.5332, 126.9692
2026-07-22 23:34:39,521 - main - INFO - 글로벌(위치 무관) 데이터 스크래핑을 시작합니다...
2026-07-22 23:34:43,212 - services.location_service - INFO - 📍 IP-based Location: 37.5332, 126.9692
2026-07-22 23:34:44,087 - services.location_service - INFO - 📍 IP-based Location: 37.5332, 126.9692
2026-07-22 23:34:44,089 - app - INFO - 📍 Device Real Location Initialized: 37.360605, 126.920274
2026-07-22 23:34:44,838 - services.location_service - INFO - 📍 IP-based Location: 37.5332, 126.9692
2026-07-22 23:34:46,688 - services.location_service - INFO - 📍 IP-based Location: 37.5332, 126.9692
2026-07-22 23:34:46,715 - main - INFO - 로컬(위치 기반) 데이터 역매핑을 시작합니다 (좌표: 37.3606, 126.92027, 반경: 3.0km)...
2026-07-22 23:34:47,500 - services.location_service - INFO - OpenStreetMap Reverse Geocoding: 37.361, 126.92 -> 산본2동
2026-07-22 23:34:48,078 - services.location_service - INFO - 📍 IP-based Location: 37.5332, 126.9692
2026-07-22 23:47:40,404 - main - INFO - 글로벌(위치 무관) 데이터 스크래핑을 시작합니다...
2026-07-22 23:47:44,273 - services.location_service - INFO - 📍 IP-based Location: 37.5332, 126.9692
2026-07-22 23:47:45,163 - services.location_service - INFO - 📍 IP-based Location: 37.5332, 126.9692
2026-07-22 23:47:45,165 - app - INFO - 📍 Device Real Location Initialized: 37.360623, 126.920291
2026-07-22 23:47:45,911 - services.location_service - INFO - 📍 IP-based Location: 37.5332, 126.9692
2026-07-22 23:53:46,136 - services.location_service - INFO - 📍 IP-based Location: 37.5332, 126.9692
2026-07-22 23:53:46,164 - main - INFO - 로컬(위치 기반) 데이터 역매핑을 시작합니다 (좌표: 37.36062, 126.92029, 반경: 3.0km)...
2026-07-22 23:53:46,568 - services.location_service - INFO - OpenStreetMap Reverse Geocoding: 37.361, 126.92 -> 산본2동
2026-07-22 23:53:47,603 - services.location_service - INFO - 📍 IP-based Location: 37.5332, 126.9692
2026-07-22 23:53:59,980 - services.location_service - INFO - 📍 IP-based Location: 37.5332, 126.9692
2026-07-22 23:54:05,641 - services.location_service - INFO - 📍 IP-based Location: 37.5332, 126.9692
2026-07-22 23:54:13,805 - services.location_service - INFO - 📍 IP-based Location: 37.5332, 126.9692
2026-07-23 00:31:28,447 - main - INFO - 글로벌(위치 무관) 데이터 스크래핑을 시작합니다...
2026-07-23 00:31:33,322 - services.location_service - INFO - 📍 IP-based Location: 37.5332, 126.9692
2026-07-23 00:31:34,644 - services.location_service - INFO - 📍 IP-based Location: 37.5332, 126.9692
2026-07-23 00:31:34,646 - app - INFO - 📍 Device Real Location Initialized: 37.360636, 126.920268
2026-07-23 00:31:35,511 - services.location_service - INFO - 📍 IP-based Location: 37.5332, 126.9692
2026-07-23 00:31:39,607 - services.location_service - INFO - 📍 IP-based Location: 37.5332, 126.9692
2026-07-23 00:31:46,729 - services.location_service - INFO - 📍 IP-based Location: 37.5332, 126.9692
2026-07-23 00:31:48,060 - services.location_service - INFO - 📍 IP-based Location: 37.5332, 126.9692
2026-07-23 00:31:51,231 - services.location_service - INFO - 📍 IP-based Location: 37.5332, 126.9692
2026-07-23 00:31:53,177 - services.location_service - INFO - 📍 IP-based Location: 37.5332, 126.9692
2026-07-23 00:31:53,202 - main - INFO - 로컬(위치 기반) 데이터 역매핑을 시작합니다 (좌표: 37.38, 127.229, 반경: 0.5km)...
2026-07-23 00:31:54,102 - services.location_service - INFO - OpenStreetMap Reverse Geocoding: 37.38, 127.229 -> 태전동
2026-07-23 00:31:56,658 - services.location_service - INFO - 📍 IP-based Location: 37.5332, 126.9692
2026-07-23 00:32:35,576 - services.location_service - INFO - 📍 IP-based Location: 37.5332, 126.9692
2026-07-23 00:32:36,718 - services.location_service - INFO - 📍 IP-based Location: 37.5332, 126.9692
2026-07-23 00:32:40,408 - services.location_service - INFO - 📍 IP-based Location: 37.5332, 126.9692
2026-07-23 00:32:41,840 - services.location_service - INFO - 📍 IP-based Location: 37.5332, 126.9692
2026-07-23 00:34:44,303 - services.location_service - INFO - 📍 IP-based Location: 37.5332, 126.9692
2026-07-23 00:34:44,323 - app - INFO - 📍 Returning to My Device Location: (37.360586, 126.920358)
2026-07-23 00:34:45,542 - services.location_service - INFO - 📍 IP-based Location: 37.5332, 126.9692
2026-07-23 00:34:48,095 - services.location_service - INFO - 📍 IP-based Location: 37.5332, 126.9692
2026-07-23 00:34:48,121 - main - INFO - 로컬(위치 기반) 데이터 역매핑을 시작합니다 (좌표: 37.36059, 126.92036, 반경: 0.5km)...
2026-07-23 00:34:49,041 - services.location_service - INFO - OpenStreetMap Reverse Geocoding: 37.361, 126.92 -> 산본2동
2026-07-23 00:34:50,085 - services.location_service - INFO - 📍 IP-based Location: 37.5332, 126.9692
2026-07-23 00:34:55,715 - services.location_service - INFO - 📍 IP-based Location: 37.5332, 126.9692
2026-07-23 00:34:57,126 - services.location_service - INFO - 📍 IP-based Location: 37.5332, 126.9692
2026-07-23 00:35:04,070 - services.location_service - INFO - 📍 IP-based Location: 37.5332, 126.9692
2026-07-23 00:35:05,193 - services.location_service - INFO - 📍 IP-based Location: 37.5332, 126.9692
2026-07-23 20:24:49,724 - main - INFO - 글로벌(위치 무관) 데이터 스크래핑을 시작합니다...
2026-07-23 20:24:53,588 - services.location_service - INFO - 📍 IP-based Location: 37.5656, 126.978
2026-07-23 20:24:53,610 - main - INFO - 글로벌(위치 무관) 데이터 스크래핑을 시작합니다...
2026-07-23 20:24:55,533 - services.location_service - INFO - 📍 IP-based Location: 37.5656, 126.978
2026-07-23 20:24:55,543 - services.location_service - ERROR - Failed to reverse geocode: OpenStreetMap Network Timeout Error
Traceback (most recent call last):
  File "/Users/steady/.openclaw/workspace/info_waves/services/location_service.py", line 32, in _cached_get_neighborhood
    resp = _session.get(url, headers=headers, params=params, timeout=5)
  File "/Library/Frameworks/Python.framework/Versions/3.10/lib/python3.10/unittest/mock.py", line 1104, in __call__
    return self._mock_call(*args, **kwargs)
  File "/Library/Frameworks/Python.framework/Versions/3.10/lib/python3.10/unittest/mock.py", line 1108, in _mock_call
    return self._execute_mock_call(*args, **kwargs)
  File "/Library/Frameworks/Python.framework/Versions/3.10/lib/python3.10/unittest/mock.py", line 1163, in _execute_mock_call
    raise effect
Exception: OpenStreetMap Network Timeout Error
2026-07-23 20:24:55,550 - services.location_service - WARNING - Failed to fetch IP-based location (Timeout/Network): IP API Timeout
2026-07-23 20:24:55,563 - main - INFO - 글로벌(위치 무관) 데이터 스크래핑을 시작합니다...
2026-07-23 20:24:55,566 - main - INFO - 로컬(위치 기반) 데이터 역매핑을 시작합니다 (좌표: 37.36066, 126.92819, 반경: 3.0km)...
2026-07-23 20:24:57,086 - services.location_service - INFO - OpenStreetMap Reverse Geocoding: 37.498, 127.028 -> 역삼1동
2026-07-23 20:24:57,604 - services.location_service - INFO - OpenStreetMap Reverse Geocoding: 37.522, 126.924 -> 여의도동
2026-07-23 20:24:58,731 - services.location_service - INFO - OpenStreetMap Reverse Geocoding: 37.557, 126.924 -> 동교동
2026-07-23 20:24:59,733 - services.location_service - INFO - OpenStreetMap Reverse Geocoding: 37.36, 126.92 -> 산본2동
2026-07-23 20:25:00,801 - services.location_service - INFO - OpenStreetMap Reverse Geocoding: 37.395, 127.111 -> 백현동
2026-07-23 20:25:01,705 - services.location_service - INFO - OpenStreetMap Reverse Geocoding: 37.266, 127.0 -> 매산로1가
2026-07-23 20:25:02,062 - services.location_service - INFO - OpenStreetMap Reverse Geocoding: 37.489, 126.725 -> 부평동
2026-07-23 20:25:02,603 - services.location_service - INFO - OpenStreetMap Reverse Geocoding: 35.158, 129.059 -> 범전동
2026-07-23 20:25:03,913 - services.location_service - INFO - OpenStreetMap Reverse Geocoding: 35.871, 128.594 -> 포정동
2026-07-23 20:25:07,063 - services.location_service - INFO - OpenStreetMap Reverse Geocoding: 36.358, 127.382 -> 둔산동
2026-07-23 20:25:07,100 - main - INFO - 로컬(위치 기반) 데이터 역매핑을 시작합니다 (좌표: 37.36066, 126.92819, 반경: 3.0km)...
2026-07-23 20:25:07,452 - services.location_service - INFO - OpenStreetMap Reverse Geocoding: 37.361, 126.928 -> 산본2동
2026-07-23 20:25:07,458 - services.location_service - INFO - OpenStreetMap Reverse Geocoding: 37.36, 126.928 -> 산본동
2026-07-23 20:25:07,479 - main - INFO - 로컬(위치 기반) 데이터 역매핑을 시작합니다 (좌표: 37.36066, 126.92819, 반경: 3.0km)...
2026-07-23 20:25:07,550 - main - INFO - 로컬(위치 기반) 데이터 역매핑을 시작합니다 (좌표: 37.36066, 126.92819, 반경: 3.0km)...
2026-07-23 20:25:07,551 - main - INFO - 로컬(위치 기반) 데이터 역매핑을 시작합니다 (좌표: 37.36066, 126.92819, 반경: 3.0km)...
2026-07-23 20:25:07,551 - main - INFO - 로컬(위치 기반) 데이터 역매핑을 시작합니다 (좌표: 37.36066, 126.92819, 반경: 3.0km)...
2026-07-23 20:25:07,552 - main - INFO - 로컬(위치 기반) 데이터 역매핑을 시작합니다 (좌표: 37.36066, 126.92819, 반경: 3.0km)...
2026-07-23 20:25:07,552 - main - INFO - 로컬(위치 기반) 데이터 역매핑을 시작합니다 (좌표: 37.36066, 126.92819, 반경: 3.0km)...
2026-07-23 20:25:07,553 - services.location_service - ERROR - Failed to search place 강남역: Kakao Map API Network Timeout
Traceback (most recent call last):
  File "/Users/steady/.openclaw/workspace/info_waves/services/location_service.py", line 244, in search_place
    resp = _session.get(url, headers=headers, timeout=5)
  File "/Library/Frameworks/Python.framework/Versions/3.10/lib/python3.10/unittest/mock.py", line 1104, in __call__
    return self._mock_call(*args, **kwargs)
  File "/Library/Frameworks/Python.framework/Versions/3.10/lib/python3.10/unittest/mock.py", line 1108, in _mock_call
    return self._execute_mock_call(*args, **kwargs)
  File "/Library/Frameworks/Python.framework/Versions/3.10/lib/python3.10/unittest/mock.py", line 1163, in _execute_mock_call
    raise effect
Exception: Kakao Map API Network Timeout
2026-07-23 20:28:02,833 - services.location_service - ERROR - Failed to reverse geocode: OpenStreetMap Network Timeout Error
Traceback (most recent call last):
  File "/Users/steady/.openclaw/workspace/info_waves/services/location_service.py", line 35, in _cached_get_neighborhood
    resp = _session.get(url, headers=headers, params=params, timeout=5)
  File "/Library/Frameworks/Python.framework/Versions/3.10/lib/python3.10/unittest/mock.py", line 1104, in __call__
    return self._mock_call(*args, **kwargs)
  File "/Library/Frameworks/Python.framework/Versions/3.10/lib/python3.10/unittest/mock.py", line 1108, in _mock_call
    return self._execute_mock_call(*args, **kwargs)
  File "/Library/Frameworks/Python.framework/Versions/3.10/lib/python3.10/unittest/mock.py", line 1163, in _execute_mock_call
    raise effect
Exception: OpenStreetMap Network Timeout Error
2026-07-23 20:28:02,837 - services.location_service - WARNING - Failed to fetch IP-based location (Timeout/Network): IP API Timeout
2026-07-23 20:28:02,838 - services.location_service - INFO - Kakao Web Search Success for '산본역': 37.3584, 126.9331
2026-07-23 20:28:02,846 - main - INFO - 글로벌(위치 무관) 데이터 스크래핑을 시작합니다...
2026-07-23 20:28:02,848 - main - INFO - 로컬(위치 기반) 데이터 역매핑을 시작합니다 (좌표: 37.36066, 126.92819, 반경: 3.0km)...
2026-07-23 20:28:03,015 - services.location_service - INFO - OpenStreetMap Reverse Geocoding: 37.498, 127.028 -> 역삼1동
2026-07-23 20:28:03,071 - services.location_service - INFO - OpenStreetMap Reverse Geocoding: 37.522, 126.924 -> 여의도동
2026-07-23 20:28:03,160 - services.location_service - INFO - OpenStreetMap Reverse Geocoding: 37.557, 126.924 -> 동교동
2026-07-23 20:28:03,239 - services.location_service - INFO - OpenStreetMap Reverse Geocoding: 37.36, 126.92 -> 산본2동
2026-07-23 20:28:03,302 - services.location_service - INFO - OpenStreetMap Reverse Geocoding: 37.395, 127.111 -> 백현동
2026-07-23 20:28:03,363 - services.location_service - INFO - OpenStreetMap Reverse Geocoding: 37.266, 127.0 -> 매산로1가
2026-07-23 20:28:03,422 - services.location_service - INFO - OpenStreetMap Reverse Geocoding: 37.489, 126.725 -> 부평동
2026-07-23 20:28:03,488 - services.location_service - INFO - OpenStreetMap Reverse Geocoding: 35.158, 129.059 -> 범전동
2026-07-23 20:28:03,553 - services.location_service - INFO - OpenStreetMap Reverse Geocoding: 35.871, 128.594 -> 포정동
2026-07-23 20:28:03,617 - services.location_service - INFO - OpenStreetMap Reverse Geocoding: 36.358, 127.382 -> 둔산동
2026-07-23 20:28:04,167 - services.location_service - INFO - Kakao Web Search Success for '태성로 107': 37.37999621, 127.22899545
2026-07-23 20:28:04,191 - main - INFO - 로컬(위치 기반) 데이터 역매핑을 시작합니다 (좌표: 37.36066, 126.92819, 반경: 3.0km)...
2026-07-23 20:28:04,244 - services.location_service - INFO - OpenStreetMap Reverse Geocoding: 37.361, 126.928 -> 산본2동
2026-07-23 20:28:04,248 - services.location_service - INFO - OpenStreetMap Reverse Geocoding: 37.36, 126.928 -> 산본동
2026-07-23 20:28:31,282 - main - INFO - 글로벌(위치 무관) 데이터 스크래핑을 시작합니다...
2026-07-23 20:28:33,279 - services.location_service - INFO - 📍 IP-based Location: 37.5656, 126.978
2026-07-23 20:28:33,312 - main - INFO - 글로벌(위치 무관) 데이터 스크래핑을 시작합니다...
2026-07-23 20:28:35,042 - services.location_service - INFO - 📍 IP-based Location: 37.5656, 126.978
2026-07-23 20:28:35,054 - services.location_service - ERROR - Failed to reverse geocode: OpenStreetMap Network Timeout Error
Traceback (most recent call last):
  File "/Users/steady/.openclaw/workspace/info_waves/services/location_service.py", line 35, in _cached_get_neighborhood
    resp = _session.get(url, headers=headers, params=params, timeout=5)
  File "/Library/Frameworks/Python.framework/Versions/3.10/lib/python3.10/unittest/mock.py", line 1104, in __call__
    return self._mock_call(*args, **kwargs)
  File "/Library/Frameworks/Python.framework/Versions/3.10/lib/python3.10/unittest/mock.py", line 1108, in _mock_call
    return self._execute_mock_call(*args, **kwargs)
  File "/Library/Frameworks/Python.framework/Versions/3.10/lib/python3.10/unittest/mock.py", line 1163, in _execute_mock_call
    raise effect
Exception: OpenStreetMap Network Timeout Error
2026-07-23 20:28:35,062 - services.location_service - WARNING - Failed to fetch IP-based location (Timeout/Network): IP API Timeout
2026-07-23 20:28:35,064 - services.location_service - INFO - Kakao Web Search Success for '산본역': 37.3584, 126.9331
2026-07-23 20:28:35,076 - main - INFO - 글로벌(위치 무관) 데이터 스크래핑을 시작합니다...
2026-07-23 20:28:35,078 - main - INFO - 로컬(위치 기반) 데이터 역매핑을 시작합니다 (좌표: 37.36066, 126.92819, 반경: 3.0km)...
2026-07-23 20:28:35,438 - services.location_service - INFO - OpenStreetMap Reverse Geocoding: 37.498, 127.028 -> 역삼1동
2026-07-23 20:28:35,502 - services.location_service - INFO - OpenStreetMap Reverse Geocoding: 37.522, 126.924 -> 여의도동
2026-07-23 20:28:35,563 - services.location_service - INFO - OpenStreetMap Reverse Geocoding: 37.557, 126.924 -> 동교동
2026-07-23 20:28:35,630 - services.location_service - INFO - OpenStreetMap Reverse Geocoding: 37.36, 126.92 -> 산본2동
2026-07-23 20:28:35,683 - services.location_service - INFO - OpenStreetMap Reverse Geocoding: 37.395, 127.111 -> 백현동
2026-07-23 20:28:35,741 - services.location_service - INFO - OpenStreetMap Reverse Geocoding: 37.266, 127.0 -> 매산로1가
2026-07-23 20:28:35,827 - services.location_service - INFO - OpenStreetMap Reverse Geocoding: 37.489, 126.725 -> 부평동
2026-07-23 20:28:35,889 - services.location_service - INFO - OpenStreetMap Reverse Geocoding: 35.158, 129.059 -> 범전동
2026-07-23 20:28:35,981 - services.location_service - INFO - OpenStreetMap Reverse Geocoding: 35.871, 128.594 -> 포정동
2026-07-23 20:28:36,037 - services.location_service - INFO - OpenStreetMap Reverse Geocoding: 36.358, 127.382 -> 둔산동
2026-07-23 20:28:36,586 - services.location_service - INFO - Kakao Web Search Success for '태성로 107': 37.37999621, 127.22899545
2026-07-23 20:28:36,611 - main - INFO - 로컬(위치 기반) 데이터 역매핑을 시작합니다 (좌표: 37.36066, 126.92819, 반경: 3.0km)...
2026-07-23 20:28:36,674 - services.location_service - INFO - OpenStreetMap Reverse Geocoding: 37.361, 126.928 -> 산본2동
2026-07-23 20:28:36,678 - services.location_service - INFO - OpenStreetMap Reverse Geocoding: 37.36, 126.928 -> 산본동
2026-07-23 20:28:36,821 - main - INFO - 로컬(위치 기반) 데이터 역매핑을 시작합니다 (좌표: 37.36066, 126.92819, 반경: 3.0km)...
2026-07-23 20:28:36,828 - main - INFO - 로컬(위치 기반) 데이터 역매핑을 시작합니다 (좌표: 37.36066, 126.92819, 반경: 3.0km)...
2026-07-23 20:28:36,828 - main - INFO - 로컬(위치 기반) 데이터 역매핑을 시작합니다 (좌표: 37.36066, 126.92819, 반경: 3.0km)...
2026-07-23 20:28:36,829 - main - INFO - 로컬(위치 기반) 데이터 역매핑을 시작합니다 (좌표: 37.36066, 126.92819, 반경: 3.0km)...
2026-07-23 20:28:36,829 - main - INFO - 로컬(위치 기반) 데이터 역매핑을 시작합니다 (좌표: 37.36066, 126.92819, 반경: 3.0km)...
2026-07-23 20:28:36,830 - main - INFO - 로컬(위치 기반) 데이터 역매핑을 시작합니다 (좌표: 37.36066, 126.92819, 반경: 3.0km)...
2026-07-23 20:28:36,831 - services.location_service - WARNING - Kakao Web Search failed for '강남역': Kakao Map API Network Timeout
2026-07-23 20:28:36,832 - services.location_service - WARNING - Nominatim Search failed for '강남역': Kakao Map API Network Timeout
2026-07-23 20:29:00,593 - main - INFO - 글로벌(위치 무관) 데이터 스크래핑을 시작합니다...
2026-07-23 20:29:02,371 - services.location_service - INFO - 📍 IP-based Location: 37.5656, 126.978
2026-07-23 20:29:02,398 - main - INFO - 글로벌(위치 무관) 데이터 스크래핑을 시작합니다...
2026-07-23 20:29:04,316 - services.location_service - INFO - 📍 IP-based Location: 37.5656, 126.978
2026-07-23 20:29:04,326 - services.location_service - ERROR - Failed to reverse geocode: OpenStreetMap Network Timeout Error
Traceback (most recent call last):
  File "/Users/steady/.openclaw/workspace/info_waves/services/location_service.py", line 35, in _cached_get_neighborhood
    resp = _session.get(url, headers=headers, params=params, timeout=5)
  File "/Library/Frameworks/Python.framework/Versions/3.10/lib/python3.10/unittest/mock.py", line 1104, in __call__
    return self._mock_call(*args, **kwargs)
  File "/Library/Frameworks/Python.framework/Versions/3.10/lib/python3.10/unittest/mock.py", line 1108, in _mock_call
    return self._execute_mock_call(*args, **kwargs)
  File "/Library/Frameworks/Python.framework/Versions/3.10/lib/python3.10/unittest/mock.py", line 1163, in _execute_mock_call
    raise effect
Exception: OpenStreetMap Network Timeout Error
2026-07-23 20:29:04,335 - services.location_service - WARNING - Failed to fetch IP-based location (Timeout/Network): IP API Timeout
2026-07-23 20:29:04,337 - services.location_service - INFO - Kakao Web Search Success for '산본역': 37.3584, 126.9331
2026-07-23 20:29:04,349 - main - INFO - 글로벌(위치 무관) 데이터 스크래핑을 시작합니다...
2026-07-23 20:29:04,352 - main - INFO - 로컬(위치 기반) 데이터 역매핑을 시작합니다 (좌표: 37.36066, 126.92819, 반경: 3.0km)...
2026-07-23 20:29:04,534 - services.location_service - INFO - OpenStreetMap Reverse Geocoding: 37.498, 127.028 -> 역삼1동
2026-07-23 20:29:04,597 - services.location_service - INFO - OpenStreetMap Reverse Geocoding: 37.522, 126.924 -> 여의도동
2026-07-23 20:29:04,649 - services.location_service - INFO - OpenStreetMap Reverse Geocoding: 37.557, 126.924 -> 동교동
2026-07-23 20:29:04,706 - services.location_service - INFO - OpenStreetMap Reverse Geocoding: 37.36, 126.92 -> 산본2동
2026-07-23 20:29:04,755 - services.location_service - INFO - OpenStreetMap Reverse Geocoding: 37.395, 127.111 -> 백현동
2026-07-23 20:29:04,809 - services.location_service - INFO - OpenStreetMap Reverse Geocoding: 37.266, 127.0 -> 매산로1가
2026-07-23 20:29:04,876 - services.location_service - INFO - OpenStreetMap Reverse Geocoding: 37.489, 126.725 -> 부평동
2026-07-23 20:29:04,948 - services.location_service - INFO - OpenStreetMap Reverse Geocoding: 35.158, 129.059 -> 범전동
2026-07-23 20:29:05,016 - services.location_service - INFO - OpenStreetMap Reverse Geocoding: 35.871, 128.594 -> 포정동
2026-07-23 20:29:05,078 - services.location_service - INFO - OpenStreetMap Reverse Geocoding: 36.358, 127.382 -> 둔산동
2026-07-23 20:29:06,384 - services.location_service - INFO - Kakao Web Search Success for '태성로 107': 37.37999621, 127.22899545
2026-07-23 20:29:06,408 - main - INFO - 로컬(위치 기반) 데이터 역매핑을 시작합니다 (좌표: 37.36066, 126.92819, 반경: 3.0km)...
2026-07-23 20:29:06,478 - services.location_service - INFO - OpenStreetMap Reverse Geocoding: 37.361, 126.928 -> 산본2동
2026-07-23 20:29:06,482 - services.location_service - INFO - OpenStreetMap Reverse Geocoding: 37.36, 126.928 -> 산본동
2026-07-23 20:29:11,143 - main - INFO - 로컬(위치 기반) 데이터 역매핑을 시작합니다 (좌표: 37.36066, 126.92819, 반경: 3.0km)...
2026-07-23 20:29:11,157 - main - INFO - 로컬(위치 기반) 데이터 역매핑을 시작합니다 (좌표: 37.36066, 126.92819, 반경: 3.0km)...
2026-07-23 20:29:11,157 - main - INFO - 로컬(위치 기반) 데이터 역매핑을 시작합니다 (좌표: 37.36066, 126.92819, 반경: 3.0km)...
2026-07-23 20:29:11,158 - main - INFO - 로컬(위치 기반) 데이터 역매핑을 시작합니다 (좌표: 37.36066, 126.92819, 반경: 3.0km)...
2026-07-23 20:29:11,158 - main - INFO - 로컬(위치 기반) 데이터 역매핑을 시작합니다 (좌표: 37.36066, 126.92819, 반경: 3.0km)...
2026-07-23 20:29:11,159 - main - INFO - 로컬(위치 기반) 데이터 역매핑을 시작합니다 (좌표: 37.36066, 126.92819, 반경: 3.0km)...
2026-07-23 20:29:11,160 - services.location_service - WARNING - Kakao Web Search failed for '강남역': Kakao Map API Network Timeout
2026-07-23 20:29:11,160 - services.location_service - WARNING - Nominatim Search failed for '강남역': Kakao Map API Network Timeout
2026-07-23 20:29:34,375 - main - INFO - 로컬(위치 기반) 데이터 역매핑을 시작합니다 (좌표: 37.36066, 126.92819, 반경: 3.0km)...
2026-07-23 20:29:34,386 - main - INFO - 로컬(위치 기반) 데이터 역매핑을 시작합니다 (좌표: 37.36066, 126.92819, 반경: 3.0km)...
2026-07-23 20:29:34,387 - main - INFO - 로컬(위치 기반) 데이터 역매핑을 시작합니다 (좌표: 37.36066, 126.92819, 반경: 3.0km)...
2026-07-23 20:29:34,388 - main - INFO - 로컬(위치 기반) 데이터 역매핑을 시작합니다 (좌표: 37.36066, 126.92819, 반경: 3.0km)...
2026-07-23 20:29:34,388 - main - INFO - 로컬(위치 기반) 데이터 역매핑을 시작합니다 (좌표: 37.36066, 126.92819, 반경: 3.0km)...
2026-07-23 20:29:34,389 - main - INFO - 로컬(위치 기반) 데이터 역매핑을 시작합니다 (좌표: 37.36066, 126.92819, 반경: 3.0km)...
2026-07-23 20:29:34,391 - services.location_service - WARNING - Kakao Web Search failed for '강남역': Kakao Map API Network Timeout
2026-07-23 20:29:34,391 - services.location_service - WARNING - Nominatim Search failed for '강남역': Kakao Map API Network Timeout
